district,mode,median_straight_line_m,median_network_m,median_ratio,p95_ratio
Berlin,S-Bahn,1259.0,1702.0,1.34,2.18
Charlottenburg-Wilmersdorf,S-Bahn,832.0,1160.0,1.37,2.21
Friedrichshain-Kreuzberg,S-Bahn,1019.0,1423.0,1.33,1.87
Lichtenberg,S-Bahn,1041.0,1523.0,1.4,2.17
Marzahn-Hellersdorf,S-Bahn,1386.0,1808.0,1.28,1.86
Mitte,S-Bahn,657.0,928.0,1.39,2.05
Neukölln,S-Bahn,2642.0,3638.0,1.26,2.22
Pankow,S-Bahn,1389.0,1944.0,1.35,2.0
Reinickendorf,S-Bahn,1057.0,1417.0,1.34,1.99
Spandau,S-Bahn,3022.0,3840.0,1.3,2.56
Steglitz-Zehlendorf,S-Bahn,977.0,1361.0,1.35,2.15
Tempelhof-Schöneberg,S-Bahn,1034.0,1457.0,1.35,2.02
Treptow-Köpenick,S-Bahn,1292.0,1807.0,1.38,2.49
Berlin,U-Bahn,2239.0,2823.0,1.25,1.71
Charlottenburg-Wilmersdorf,U-Bahn,666.0,950.0,1.37,2.12
Friedrichshain-Kreuzberg,U-Bahn,384.0,570.0,1.4,2.37
Lichtenberg,U-Bahn,2531.0,3077.0,1.24,1.63
Marzahn-Hellersdorf,U-Bahn,1857.0,2489.0,1.33,1.87
Mitte,U-Bahn,388.0,564.0,1.4,2.18
Neukölln,U-Bahn,976.0,1281.0,1.29,1.74
Pankow,U-Bahn,3283.0,4052.0,1.24,1.5
Reinickendorf,U-Bahn,2680.0,3241.0,1.2,1.72
Spandau,U-Bahn,3031.0,3627.0,1.22,1.65
Steglitz-Zehlendorf,U-Bahn,2329.0,2907.0,1.24,1.61
Tempelhof-Schöneberg,U-Bahn,1983.0,2387.0,1.19,1.64
Treptow-Köpenick,U-Bahn,5367.0,6521.0,1.22,1.44
Berlin,Tram,2868.0,3736.0,1.23,2.22
Charlottenburg-Wilmersdorf,Tram,4628.0,5353.0,1.16,1.29
Friedrichshain-Kreuzberg,Tram,1590.0,1992.0,1.25,2.06
Lichtenberg,Tram,428.0,656.0,1.45,2.68
Marzahn-Hellersdorf,Tram,1013.0,1362.0,1.33,1.99
Mitte,Tram,689.0,888.0,1.36,2.1
Neukölln,Tram,3427.0,4386.0,1.25,1.57
Pankow,Tram,648.0,964.0,1.41,2.48
Reinickendorf,Tram,5011.0,5953.0,1.18,1.37
Spandau,Tram,9945.0,12851.0,1.15,3.85
Steglitz-Zehlendorf,Tram,9807.0,11546.0,1.14,1.37
Tempelhof-Schöneberg,Tram,7733.0,9054.0,1.16,1.27
Treptow-Köpenick,Tram,953.0,1345.0,1.38,2.65
Berlin,Bus,204.0,339.0,1.54,3.06
Charlottenburg-Wilmersdorf,Bus,184.0,303.0,1.57,3.01
Friedrichshain-Kreuzberg,Bus,155.0,258.0,1.55,2.89
Lichtenberg,Bus,239.0,377.0,1.5,2.8
Marzahn-Hellersdorf,Bus,219.0,357.0,1.51,2.78
Mitte,Bus,175.0,293.0,1.55,3.26
Neukölln,Bus,182.0,306.0,1.56,3.05
Pankow,Bus,246.0,415.0,1.55,3.05
Reinickendorf,Bus,209.0,360.0,1.56,3.16
Spandau,Bus,193.0,335.0,1.57,3.44
Steglitz-Zehlendorf,Bus,190.0,312.0,1.53,2.96
Tempelhof-Schöneberg,Bus,184.0,303.0,1.53,3.06
Treptow-Köpenick,Bus,236.0,398.0,1.53,3.14
Berlin,Regionalbahn,3149.0,4101.0,1.27,2.53
Charlottenburg-Wilmersdorf,Regionalbahn,2080.0,2642.0,1.24,1.63
Friedrichshain-Kreuzberg,Regionalbahn,1540.0,2032.0,1.27,1.72
Lichtenberg,Regionalbahn,1820.0,2309.0,1.28,1.65
Marzahn-Hellersdorf,Regionalbahn,2872.0,3671.0,1.26,1.58
Mitte,Regionalbahn,1535.0,1962.0,1.25,1.58
Neukölln,Regionalbahn,3612.0,5477.0,1.28,3.16
Pankow,Regionalbahn,3363.0,4249.0,1.26,1.7
Reinickendorf,Regionalbahn,5180.0,9709.0,1.47,4.82
Spandau,Regionalbahn,2654.0,3422.0,1.31,2.41
Steglitz-Zehlendorf,Regionalbahn,2636.0,3356.0,1.25,1.64
Tempelhof-Schöneberg,Regionalbahn,3998.0,4991.0,1.24,1.75
Treptow-Köpenick,Regionalbahn,4028.0,5871.0,1.24,2.61
