district,S-Bahn,U-Bahn,Tram,Bus,Regionalbahn
Berlin,28.36,47.05,62.26,5.66,68.35
Charlottenburg-Wilmersdorf,19.34,15.83,89.21,5.05,44.04
Friedrichshain-Kreuzberg,23.72,9.51,33.2,4.29,33.87
Lichtenberg,25.39,51.28,10.93,6.29,38.49
Marzahn-Hellersdorf,30.13,41.48,22.7,5.94,61.19
Mitte,15.47,9.4,14.79,4.88,32.7
Neukölln,60.63,21.35,73.1,5.11,91.28
Pankow,32.4,67.54,16.06,6.92,70.82
Reinickendorf,23.61,54.01,99.22,6.0,161.82
Spandau,63.99,60.44,214.19,5.58,57.04
Steglitz-Zehlendorf,22.68,48.45,192.43,5.21,55.93
Tempelhof-Schöneberg,24.28,39.79,150.91,5.05,83.19
Treptow-Köpenick,30.12,108.68,22.42,6.64,97.86
