plr_id,residents,buildings,weight_sum,allocated,unallocated,plr_name,district
01100101,3469,141,389484.24257748725,3469.0,0.0,Stülerstraße,Mitte
01100102,2082,413,933332.1721764316,2082.0,0.0,Großer Tiergarten,Mitte
01100103,5832,423,453968.3284966116,5832.0,0.0,Lützowstraße,Mitte
01100104,4966,266,312072.32257198973,4966.0,0.0,Körnerstraße,Mitte
01100205,2950,2764,453565.50348829007,2950.0,0.0,Wilhelmstraße,Mitte
01100206,1901,486,663935.2066843224,1901.0000000000002,-0.0,Unter den Linden,Mitte
01100207,8907,323,915959.5824731325,8907.0,0.0,Leipziger Straße,Mitte
01100308,7363,778,898062.7075354665,7363.0,0.0,Charitéviertel,Mitte
01100309,12611,1094,1377437.7585145654,12611.0,0.0,Oranienburger Straße,Mitte
01100310,10157,406,870128.05443165,10157.0,0.0,Alexanderplatzviertel,Mitte
01100311,9935,173,561651.4154335137,9935.0,0.0,Karl-Marx-Allee,Mitte
01100312,10693,294,675501.4321519077,10693.0,0.0,Heine-Viertel West,Mitte
01100313,11650,412,768588.0774455556,11650.0,0.0,Heine-Viertel Ost,Mitte
01100414,5566,201,353734.63107313105,5566.0,0.0,Nordbahnhof,Mitte
01100415,13460,955,962107.2399528831,13460.0,0.0,Invalidenstraße,Mitte
01100416,13760,743,919580.9236084735,13760.0,0.0,Arkonaplatz,Mitte
01200517,3979,645,428198.2603535384,3979.0,0.0,Huttenkiez,Mitte
01200518,7155,300,348043.79674725933,7155.0,0.0,Beusselkiez,Mitte
01200519,9525,417,528293.4313964271,9525.0,0.0,Emdener Straße,Mitte
01200520,9696,400,541006.66935812,9696.0,0.0,Bremer Straße,Mitte
01200521,5176,254,288873.13097538566,5176.0,0.0,Zwinglistraße,Mitte
01200522,11548,389,727468.1201282925,11548.0,0.0,Elberfelder Straße,Mitte
01200623,11016,652,646666.6973470849,11016.0,0.0,Stephankiez,Mitte
01200624,7481,188,326159.596592847,7481.0,0.0,Heidestraße,Mitte
01200625,6724,271,376350.1783671505,6724.0,0.0,Lübecker Straße,Mitte
01200626,5970,291,395286.5373525108,5970.0,0.0,Thomasiusstraße,Mitte
01200627,3326,78,148572.47849910133,3326.0,0.0,Zillesiedlung,Mitte
01200628,3317,181,408082.7185220109,3317.0,0.0,Lüneburger Straße,Mitte
01200629,5988,234,496840.0680004353,5988.0,0.0,Hansaviertel,Mitte
01300730,8051,419,359353.64626181044,8051.0,0.0,Drontheimer Straße,Mitte
01300731,8936,840,458934.0484449001,8936.0,0.0,Koloniestraße,Mitte
01300732,9985,665,472436.89718446974,9985.0,0.0,Soldiner Straße,Mitte
01300733,11567,1030,611699.2191968673,11567.000000000002,-0.0,Gesundbrunnen,Mitte
01300834,14258,424,673368.3706734278,14258.0,0.0,Brunnenstraße,Mitte
01300835,10751,424,577552.6467170579,10751.0,0.0,Humboldthain Süd,Mitte
01300836,15143,836,751854.2668804469,15142.999999999998,0.0,Humboldthain Nordwest,Mitte
01400937,11107,1789,879753.0019015815,11107.0,0.0,Afrikanische Straße,Mitte
01400938,9702,707,574337.1041246124,9702.0,0.0,Kameruner Straße,Mitte
01400939,6127,288,329653.1079720586,6127.0,0.0,Glasgower Straße,Mitte
01400940,7290,399,344603.4090371489,7290.0,0.0,Schillerpark,Mitte
01400941,3832,416,218191.69171019713,3832.0,0.0,Londoner Straße,Mitte
01400942,8527,368,454963.91965696553,8527.0,0.0,Westliche Müllerstraße,Mitte
01401043,7607,285,354697.8611054401,7607.0,0.0,Antonstraße,Mitte
01401044,10256,370,478157.5887762481,10256.0,0.0,Uferstraße,Mitte
01401045,5466,249,295961.3384327369,5466.000000000001,-0.0,Schwedenstraße,Mitte
01401046,8870,231,485722.69095616834,8870.0,0.0,Nordufer,Mitte
01401047,8086,296,403572.6541449281,8086.0,0.0,Sparrplatz,Mitte
01401048,9575,380,491684.5227334637,9575.0,0.0,Leopoldplatz,Mitte
01401049,6540,269,379532.63866763795,6540.0,0.0,Schulstraße,Mitte
02100101,7741,254,497182.55447266443,7741.0,0.0,Askanischer Platz,Friedrichshain-Kreuzberg
02100102,8669,222,664470.7986444826,8669.0,0.0,Mehringplatz,Friedrichshain-Kreuzberg
02100103,5400,179,311968.2937513299,5400.0,0.0,Am Berlin Museum,Friedrichshain-Kreuzberg
02100104,5522,191,331698.15174704004,5522.0,0.0,Moritzplatz,Friedrichshain-Kreuzberg
02100105,9094,246,447700.12006816943,9094.0,0.0,Prinzenstraße,Friedrichshain-Kreuzberg
02100106,4786,165,315401.76155688404,4786.0,0.0,Wassertorplatz,Friedrichshain-Kreuzberg
02200207,2662,234,195460.43700498177,2662.0,0.0,Gleisdreieck,Friedrichshain-Kreuzberg
02200208,5562,400,373689.8624087872,5562.0,0.0,Rathaus Yorckstraße,Friedrichshain-Kreuzberg
02200209,10912,619,830017.5350576607,10912.0,0.0,Viktoriapark,Friedrichshain-Kreuzberg
02200210,12259,844,787580.695451641,12259.0,0.0,Urbanstraße,Friedrichshain-Kreuzberg
02200211,14498,1036,1101932.7759879397,14498.0,0.0,Chamissokiez,Friedrichshain-Kreuzberg
02200212,8217,398,566521.654507932,8217.0,0.0,Graefekiez Süd,Friedrichshain-Kreuzberg
02200213,9833,626,663992.4723155706,9833.0,0.0,Graefekiez Nord,Friedrichshain-Kreuzberg
02300314,7046,562,535470.2558754452,7045.999999999999,0.0,Oranienplatz,Friedrichshain-Kreuzberg
02300315,8126,427,495539.84603540687,8126.0,0.0,Lausitzer Platz,Friedrichshain-Kreuzberg
02300316,4184,333,390772.6771028654,4184.0,0.0,Köpenicker Straße,Friedrichshain-Kreuzberg
02300417,8302,428,555609.6941909958,8302.0,0.0,Reichenberger Straße West,Friedrichshain-Kreuzberg
02300418,7571,423,496857.8767237468,7571.0,0.0,Reichenberger Straße Ost,Friedrichshain-Kreuzberg
02300419,10289,646,632603.7360791884,10289.0,0.0,Wrangelkiez,Friedrichshain-Kreuzberg
02400520,5949,181,331863.1350115251,5949.0,0.0,Barnimkiez,Friedrichshain-Kreuzberg
02400521,8906,221,549424.569568892,8906.0,0.0,Friedenstraße,Friedrichshain-Kreuzberg
02400522,11508,317,702052.9590618215,11508.0,0.0,Richard-Sorge-Viertel,Friedrichshain-Kreuzberg
02400623,14345,221,818149.0245964846,14345.0,0.0,Andreasviertel,Friedrichshain-Kreuzberg
02400624,12126,353,685093.3380759207,12126.0,0.0,Weberwiese,Friedrichshain-Kreuzberg
02400625,1299,122,294664.92747765407,1299.0,0.0,Wriezener Bahnhof,Friedrichshain-Kreuzberg
02500726,9193,270,504188.9049561713,9193.0,0.0,Hausburgviertel,Friedrichshain-Kreuzberg
02500727,6470,219,385752.1125221553,6470.0,0.0,Forckenbeckplatz,Friedrichshain-Kreuzberg
02500728,10103,329,626715.0932589237,10103.0,0.0,Samariterviertel,Friedrichshain-Kreuzberg
02500729,5430,162,297966.2716380709,5430.0,0.0,Pettenkofer Straße,Friedrichshain-Kreuzberg
02500830,3966,128,257503.88360186905,3966.0,0.0,Niederbarnimstraße,Friedrichshain-Kreuzberg
02500831,7826,274,427976.7450835067,7826.0,0.0,Wismarplatz,Friedrichshain-Kreuzberg
02500832,9594,283,553758.2769886688,9594.0,0.0,Traveplatz,Friedrichshain-Kreuzberg
02500833,9998,308,590176.6191987417,9998.0,0.0,Boxhagener Platz,Friedrichshain-Kreuzberg
02500834,11310,362,646350.288227545,11310.0,0.0,Revaler Straße,Friedrichshain-Kreuzberg
02500835,8939,389,532151.3479912953,8939.0,0.0,Stralauer Kiez,Friedrichshain-Kreuzberg
02500836,5154,264,367427.03254245716,5154.0,0.0,Stralauer Halbinsel,Friedrichshain-Kreuzberg
03100101,4756,1342,351718.10336700565,4756.0,0.0,Bucher Forst,Pankow
03100102,3546,637,147831.5428870835,3545.9999999999995,0.0,Klinikum Buch,Pankow
03100103,9532,269,514894.6306820446,9532.0,0.0,Karower Chaussee,Pankow
03200204,2106,3294,147639.87547772445,2106.0,0.0,Blankenfelde,Pankow
03200205,9078,3925,596732.9227317221,9078.0,0.0,Uhlandstraße,Pankow
03200206,6833,1031,399558.4306711343,6833.0,0.0,Pastor-Niemöller-Platz,Pankow
03200207,11978,3428,818525.4656453864,11978.0,0.0,Herthaplatz,Pankow
03200308,5252,1623,235094.19013048403,5252.0,0.0,Nisbléstraße,Pankow
03200309,5551,3625,299332.6004172769,5551.0,0.0,Eddastraße,Pankow
03200310,8165,3199,487125.3216026368,8165.0,0.0,Krugpfuhl,Pankow
03300411,11704,1132,529483.0124993632,11704.000000000002,-0.0,Karow Nord,Pankow
03300412,5275,3561,251081.10115870688,5275.0,0.0,Karow Bahnhof,Pankow
03300413,3170,1685,275428.16921718366,3170.0,0.0,Karow Ost,Pankow
03300514,6759,6233,325159.03946487885,6759.0,0.0,Blankenburg,Pankow
03300515,41,79,8364.417797363281,41.0,0.0,Blankenburger Süden,Pankow
03300516,10271,6327,634858.8788162068,10271.0,0.0,Heinersdorf,Pankow
03300517,1050,2733,151356.4851626364,1050.0,0.0,Märchenland,Pankow
03400618,4740,2539,335801.82037153514,4740.0,0.0,Rosenthal,Pankow
03400619,10696,2065,673161.5508661754,10696.0,0.0,Wilhelmsruh,Pankow
03400620,3590,1055,253650.39376431305,3590.0,0.0,Schönholz,Pankow
03400721,11897,775,679410.578155573,11897.0,0.0,Florakiez,Pankow
03400722,3823,358,277501.5960184637,3823.0,0.0,Parkstraße,Pankow
03400723,7584,367,421713.3326683015,7584.0,0.0,Garbátyplatz,Pankow
03400724,8474,387,455260.57353750116,8474.0,0.0,Wolfshagener Straße,Pankow
03400725,7717,847,411065.1679156976,7717.0,0.0,Schlosspark,Pankow
03400826,7217,346,397822.919688701,7217.0,0.0,Tiroler Viertel,Pankow
03400827,9629,268,513294.4255509435,9629.0,0.0,Trelleborger Viertel,Pankow
03400828,4898,183,267553.92355271644,4898.0,0.0,Spiekermann Straße,Pankow
03400829,6188,146,358224.59327818634,6188.0,0.0,Arnold-Zweig-Straße,Pankow
03400830,9227,316,506711.71585085196,9227.0,0.0,Kissingenviertel,Pankow
03500932,6774,494,394720.5552313767,6774.0,0.0,Bühringstraße,Pankow
03500933,7843,579,501455.36510195956,7842.999999999999,0.0,Weißer See,Pankow
03500934,10537,904,739438.7991135892,10537.0,0.0,Weißenseer Spitze,Pankow
03500935,6870,682,446674.7908795737,6870.0,0.0,Behaimstraße,Pankow
03500936,10138,703,576712.6446981638,10138.0,0.0,Komponistenviertel Weißensee,Pankow
03501037,8492,829,1079685.4844193289,8492.0,0.0,Rathaus Weißensee,Pankow
03501038,7643,1393,520754.5833562127,7643.0,0.0,Hansastraße,Pankow
03601139,4059,820,256216.57791945542,4059.0,0.0,Norweger Viertel,Pankow
03601140,5968,149,337168.71426728216,5968.0,0.0,Malmöer Straße,Pankow
03601141,7074,183,408107.7422461466,7074.0,0.0,Arnimplatz,Pankow
03601142,10878,398,671943.8622340374,10878.0,0.0,Falkplatz,Pankow
03601243,6958,197,411267.4668224951,6958.0,0.0,Rodenbergstraße,Pankow
03601244,7611,142,451664.2795490208,7611.0,0.0,Humannplatz,Pankow
03601245,13562,320,718310.0740665775,13562.0,0.0,Ostseestraße,Pankow
03601346,5892,270,382421.13844767516,5892.0,0.0,Gethsemanekirche,Pankow
03601347,9527,348,580296.989174723,9527.0,0.0,Helmholtzplatz,Pankow
03601348,7414,207,446565.98179473815,7414.0,0.0,Senefelderstraße,Pankow
03601449,9954,176,536108.4074172077,9953.999999999998,0.0,Michelangelostraße,Pankow
03601450,5411,820,359660.2935024426,5411.0,0.0,Volkspark Prenzlauer Berg,Pankow
03601451,6455,125,331607.5942067027,6455.0,0.0,Anton-Saefkow-Park,Pankow
03601452,4774,145,244563.72225028477,4774.0,0.0,Velodrom,Pankow
03601453,3440,439,219015.27343219618,3440.0,0.0,Alter Schlachthof,Pankow
03701554,11297,719,845013.7257632352,11297.0,0.0,Teutoburger Platz,Pankow
03701555,7248,329,469420.3050597485,7248.0,0.0,Sredzkistraße,Pankow
03701556,8590,451,623432.746005788,8590.0,0.0,Kollwitzplatz,Pankow
03701657,3353,86,212769.66069093483,3353.0,0.0,Thälmannpark,Pankow
03701658,8316,258,501650.5337906112,8316.0,0.0,Christburger Straße,Pankow
03701659,9548,322,603298.1524449863,9548.0,0.0,Immanuelkirchstraße,Pankow
03701660,12527,514,817406.6392673868,12527.0,0.0,Bötzowstraße,Pankow
04100101,11838,2892,909249.1899323051,11838.0,0.0,Jungfernheide/Plötzensee,Charlottenburg-Wilmersdorf
04100102,7798,176,365166.3958337956,7798.000000000001,-0.0,Paul-Hertz-Siedlung,Charlottenburg-Wilmersdorf
04200203,1419,671,269969.86478000524,1419.0000000000002,-0.0,Olympiagelände,Charlottenburg-Wilmersdorf
04200204,3567,108,193903.62735487922,3567.0,0.0,Angerburger Allee,Charlottenburg-Wilmersdorf
04200205,2527,468,206088.60360849355,2527.0,0.0,Flatowallee,Charlottenburg-Wilmersdorf
04200206,2839,565,227539.811272689,2839.0,0.0,Kranzallee,Charlottenburg-Wilmersdorf
04200207,3030,1234,266094.7283199757,3030.0000000000005,-0.0,Eichkamp,Charlottenburg-Wilmersdorf
04200308,6113,1303,428864.2519794119,6113.0,0.0,Branitzer Platz,Charlottenburg-Wilmersdorf
04200309,7114,374,411028.1893954006,7114.0,0.0,Neu Westend,Charlottenburg-Wilmersdorf
04200310,7499,517,640194.0951270658,7499.000000000001,-0.0,Fürstenplatz,Charlottenburg-Wilmersdorf
04200311,7312,350,1619207.0028871743,7312.0,0.0,Königin-Elisabeth-Straße,Charlottenburg-Wilmersdorf
04300412,4533,261,404439.34308519197,4533.0,0.0,Schlossgarten,Charlottenburg-Wilmersdorf
04300413,9880,472,632866.4908497669,9880.0,0.0,Klausenerplatz,Charlottenburg-Wilmersdorf
04300414,10576,337,726440.5714872428,10576.0,0.0,Schloßstraße,Charlottenburg-Wilmersdorf
04300415,6343,262,462750.5721699506,6343.0,0.0,Lietzensee,Charlottenburg-Wilmersdorf
04300416,11822,397,855754.3508924464,11822.0,0.0,Amtsgerichtsplatz,Charlottenburg-Wilmersdorf
04300517,9400,294,553210.1494874539,9400.000000000002,-0.0,Tegeler Weg,Charlottenburg-Wilmersdorf
04300518,6712,807,655150.4434474835,6712.0,0.0,Kaiserin-Augusta-Allee,Charlottenburg-Wilmersdorf
04300619,9196,347,564628.7489718525,9196.0,0.0,Alt-Lietzow,Charlottenburg-Wilmersdorf
04300620,4069,242,401184.3019027753,4068.9999999999995,0.0,Spreestadt,Charlottenburg-Wilmersdorf
04300621,10887,559,777895.0496111289,10887.0,0.0,Richard-Wagner-Straße,Charlottenburg-Wilmersdorf
04300622,5258,375,445207.95446126856,5258.0,0.0,Ernst-Reuter-Platz,Charlottenburg-Wilmersdorf
04300623,12305,436,934226.8178051033,12305.0,0.0,Karl-August-Platz,Charlottenburg-Wilmersdorf
04300624,9228,478,951063.2917960511,9228.0,0.0,Savignyplatz,Charlottenburg-Wilmersdorf
04400725,58,53,16537.5337419461,58.0,0.0,Güterbahnhof Grunewald,Charlottenburg-Wilmersdorf
04400726,5432,1023,409318.8292006989,5432.0,0.0,Bismarckallee,Charlottenburg-Wilmersdorf
04400727,8251,601,612304.551244927,8251.0,0.0,Flinsberger Platz,Charlottenburg-Wilmersdorf
04400728,3189,739,288289.78762816254,3189.0000000000005,-0.0,Hagenplatz,Charlottenburg-Wilmersdorf
04400729,2819,858,301502.45039799385,2819.0,0.0,Hundekehle,Charlottenburg-Wilmersdorf
04400830,8375,654,744904.0333069332,8375.0,0.0,Forckenbeckstraße,Charlottenburg-Wilmersdorf
04400831,1522,421,149452.83835174632,1522.0,0.0,Messelpark,Charlottenburg-Wilmersdorf
04400832,6972,573,461641.75549897534,6972.0,0.0,Breite Straße,Charlottenburg-Wilmersdorf
04400833,3895,106,544410.3751760883,3895.0000000000005,-0.0,Schlangenbader Straße,Charlottenburg-Wilmersdorf
04400834,3350,535,262085.28370350858,3350.0,0.0,Binger Straße,Charlottenburg-Wilmersdorf
04400835,10098,355,607025.240672983,10098.0,0.0,Rüdesheimer Platz,Charlottenburg-Wilmersdorf
04500936,5538,158,393864.5656792085,5538.0,0.0,Droysenstraße,Charlottenburg-Wilmersdorf
04500937,7719,498,623846.8851867011,7719.0,0.0,Halensee,Charlottenburg-Wilmersdorf
04500938,8341,300,683465.1232211567,8341.0,0.0,Hochmeisterplatz,Charlottenburg-Wilmersdorf
04500939,6778,432,495834.9891980012,6778.0,0.0,Eisenzahnstraße,Charlottenburg-Wilmersdorf
04501040,5899,211,518055.7438612492,5899.0,0.0,Hindemithplatz,Charlottenburg-Wilmersdorf
04501041,5344,334,720811.7792935835,5344.0,0.0,George-Grosz-Platz,Charlottenburg-Wilmersdorf
04501042,3591,287,808885.2791845616,3591.0000000000005,-0.0,Breitscheidplatz,Charlottenburg-Wilmersdorf
04501043,10846,385,841151.2654789345,10846.0,0.0,Preußenpark,Charlottenburg-Wilmersdorf
04501044,5334,227,436418.0707859245,5334.0,0.0,Ludwigkirchplatz,Charlottenburg-Wilmersdorf
04501045,9340,376,747485.6904516267,9340.0,0.0,Schaperstraße,Charlottenburg-Wilmersdorf
04501146,4739,458,286054.0882546175,4739.0,0.0,Barstraße,Charlottenburg-Wilmersdorf
04501147,5451,233,397773.5679956758,5451.0,0.0,Leon-Jessel-Platz,Charlottenburg-Wilmersdorf
04501148,4605,202,290144.7664724453,4605.0,0.0,Brabanter Platz,Charlottenburg-Wilmersdorf
04501149,10023,338,753987.0541316782,10023.0,0.0,Nikolsburger Platz,Charlottenburg-Wilmersdorf
04501150,3010,195,262985.73913570144,3010.0,0.0,Wilhelmsaue,Charlottenburg-Wilmersdorf
04501151,7370,238,492450.0371783504,7370.0,0.0,Hildegardstraße,Charlottenburg-Wilmersdorf
04501152,6946,240,493191.35448699346,6946.0,0.0,Prager Platz,Charlottenburg-Wilmersdorf
04501153,7525,390,503737.1909464648,7525.0,0.0,Babelsberger Straße,Charlottenburg-Wilmersdorf
05100101,4508,2581,190617.7500700557,4508.0,0.0,Hakenfelde Nord,Spandau
05100102,4363,189,266653.3663345373,4363.0,0.0,Am Forstacker,Spandau
05100103,6516,394,312430.146133214,6516.0,0.0,Mertensstraße,Spandau
05100104,7222,238,399779.8809325246,7222.0,0.0,Maselake,Spandau
05100105,7734,1804,720089.1943961685,7734.0,0.0,Amorbacher Weg,Spandau
05100206,3632,578,172234.6760856811,3631.9999999999995,0.0,Griesingerstraße,Spandau
05100207,2330,511,145298.8643441499,2330.0,0.0,An der Tränke,Spandau
05100208,11101,1025,430816.03028336016,11101.0,0.0,Im Spektefeld,Spandau
05100209,11909,498,543371.3027909457,11909.0,0.0,Westerwaldstraße,Spandau
05100210,7870,576,322819.8444368392,7870.0,0.0,Germersheimer Platz,Spandau
05100211,6280,2263,382525.2220417165,6280.0,0.0,An der Kappe,Spandau
05100312,4065,306,219272.64052664142,4065.0,0.0,Eckschanze,Spandau
05100313,7595,495,532672.5685674412,7595.0,0.0,Eiswerder,Spandau
05100314,7481,468,400420.4577301078,7481.000000000001,-0.0,Kurstraße,Spandau
05100315,7391,668,388469.35617632046,7391.0,0.0,Ackerstraße,Spandau
05100316,10543,1048,758706.1055349833,10543.0,0.0,Carl-Schurz-Straße,Spandau
05100317,4856,771,975587.921715677,4856.0,0.0,Freiheit,Spandau
05200418,3833,1352,157159.1254447883,3832.9999999999995,0.0,Isenburger Weg,Spandau
05200419,1634,196,93243.3288397813,1634.0,0.0,Am Heideberg,Spandau
05200420,5868,3458,830306.839571165,5868.0,0.0,Staakener Straße,Spandau
05200421,4428,779,216047.01005509016,4428.0,0.0,Spandauer Straße,Spandau
05200422,1211,307,120010.64176529273,1211.0,0.0,Werkstraße,Spandau
05200423,6753,482,302310.61800971394,6753.0,0.0,Magistratsweg,Spandau
05200524,3387,905,102892.77734444085,3387.0,0.0,Döberitzer Weg,Spandau
05200525,2549,680,199165.149758341,2549.0,0.0,Pillnitzer Weg,Spandau
05200526,5806,207,313825.47933935275,5806.0,0.0,Rudolf-Wissell-Großsiedlung,Spandau
05200527,11987,1179,806070.2629806937,11987.0,0.0,Maulbeerallee,Spandau
05200528,7355,2263,484322.81748106616,7355.0,0.0,Weinmeisterhornweg,Spandau
05200629,8439,968,764985.8573407065,8439.0,0.0,Borkumer Straße,Spandau
05200630,10090,973,738960.4431897184,10090.0,0.0,Wilhelmstadt West,Spandau
05200631,8658,594,471812.9613662316,8658.0,0.0,Wilhelmstadt Ost,Spandau
05200632,3428,636,387314.1466568307,3428.0,0.0,Tiefwerder,Spandau
05200633,2178,185,177677.58466433204,2178.0,0.0,Graetschelsteig,Spandau
05200634,4374,2471,462414.1772387029,4374.0,0.0,Börnicker Straße,Spandau
05300735,4536,1033,213159.71820133377,4536.0,0.0,Haveleck,Spandau
05300736,3519,748,596486.7580192107,3519.0,0.0,Zitadellenweg,Spandau
05300737,11959,470,577866.686155951,11959.000000000002,-0.0,Gartenfelder Straße,Spandau
05300838,13,102,96647.04927160512,13.0,0.0,Gartenfeld,Spandau
05300839,8711,507,540413.6849537569,8711.0,0.0,Rohrdamm,Spandau
05300840,515,432,243334.48293697112,515.0,0.0,Nonnendammallee,Spandau
05300841,4602,192,273606.80904305703,4602.0,0.0,Siemensdamm,Spandau
05400942,3684,1776,201923.85932548137,3684.0,0.0,Alt-Gatow,Spandau
05400943,10538,5657,902132.1895524774,10538.0,0.0,Jägerallee,Spandau
05400944,2187,1167,223820.70073669372,2187.0,0.0,Kladower Damm,Spandau
05400945,3628,1987,211331.93573769327,3628.0,0.0,Kafkastraße,Spandau
06100101,6899,962,495338.1685741253,6899.0,0.0,Fichtenberg,Steglitz-Zehlendorf
06100102,9111,517,602530.1446603026,9111.0,0.0,Schloßstraße,Steglitz-Zehlendorf
06100103,6149,303,409938.7056844201,6149.0,0.0,Markelstraße,Steglitz-Zehlendorf
06100204,6846,876,380823.8943585449,6846.0,0.0,Munsterdamm,Steglitz-Zehlendorf
06100205,9863,721,642372.7243943097,9863.0,0.0,Südende,Steglitz-Zehlendorf
06100206,7738,440,458768.65182918735,7738.000000000001,-0.0,Stadtpark,Steglitz-Zehlendorf
06100207,8200,628,484615.90717736183,8200.0,0.0,Mittelstraße,Steglitz-Zehlendorf
06100208,7095,526,468098.58578215155,7095.0,0.0,Bergstraße,Steglitz-Zehlendorf
06100209,9341,470,518865.48354390584,9341.0,0.0,Feuerbachstraße,Steglitz-Zehlendorf
06100210,4935,225,279605.0746817193,4935.0,0.0,Bismarckstraße,Steglitz-Zehlendorf
06200311,4851,878,184796.4645523471,4851.0,0.0,Alt-Lankwitz,Steglitz-Zehlendorf
06200312,6271,946,360358.51607992506,6271.0,0.0,Komponistenviertel Lankwitz,Steglitz-Zehlendorf
06200313,7390,502,368624.4827018775,7390.000000000001,-0.0,Lankwitz Kirche,Steglitz-Zehlendorf
06200314,7270,851,419117.49744497734,7270.0,0.0,Kaiser-Wilhelm-Straße,Steglitz-Zehlendorf
06200315,6976,1041,414328.99290568015,6976.0,0.0,Gallwitzallee,Steglitz-Zehlendorf
06200316,5819,318,405446.6667172873,5819.0,0.0,Belßstraße,Steglitz-Zehlendorf
06200317,6314,2649,385624.1894405028,6314.0,0.0,Lankwitz Süd,Steglitz-Zehlendorf
06200418,0,4,4251.645760579887,0.0,0.0,Landweg,Steglitz-Zehlendorf
06200419,4496,142,295984.79664725054,4496.0,0.0,Thermometersiedlung,Steglitz-Zehlendorf
06200420,7162,1270,348651.34167587635,7161.999999999999,0.0,Lichterfelde Süd,Steglitz-Zehlendorf
06200421,8492,1355,460550.3462470962,8492.0,0.0,Königsberger Straße,Steglitz-Zehlendorf
06200422,7044,2020,385420.1265845651,7044.0,0.0,Oberhofer Platz,Steglitz-Zehlendorf
06200423,8574,2648,441521.37662683986,8574.0,0.0,Schütte-Lanz-Straße,Steglitz-Zehlendorf
06300524,5641,1961,417691.30553560564,5641.0,0.0,Berlepschstraße,Steglitz-Zehlendorf
06300525,5844,730,335065.7213496869,5844.0,0.0,Zehlendorf Süd,Steglitz-Zehlendorf
06300526,3372,746,377638.3450844058,3372.0,0.0,Zehlendorf Mitte,Steglitz-Zehlendorf
06300527,8527,454,555169.613184317,8527.0,0.0,Sundgauer Straße,Steglitz-Zehlendorf
06300528,10951,3534,721803.866675743,10951.0,0.0,Teltower Damm,Steglitz-Zehlendorf
06300629,7054,964,501585.02150207426,7054.0,0.0,Botanischer Garten,Steglitz-Zehlendorf
06300630,5479,598,357746.30955796404,5479.0,0.0,Hindenburgdamm,Steglitz-Zehlendorf
06300631,3076,1042,239253.8189411292,3076.0,0.0,Goerzwerke,Steglitz-Zehlendorf
06300632,13533,4754,1079627.9527247334,13533.0,0.0,Schweizer Viertel,Steglitz-Zehlendorf
06300633,11916,1986,650508.0489339184,11916.0,0.0,Augustaplatz,Steglitz-Zehlendorf
06300634,8287,1899,492908.1150233754,8287.0,0.0,Lichterfelde West,Steglitz-Zehlendorf
06400735,10057,3717,1007430.3518409234,10057.0,0.0,Wannsee,Steglitz-Zehlendorf
06400736,5153,1130,353785.22412074887,5153.0,0.0,Düppel,Steglitz-Zehlendorf
06400737,10844,2908,814866.6825821178,10844.0,0.0,Nikolassee,Steglitz-Zehlendorf
06400838,7367,2212,584437.255879729,7367.0,0.0,Krumme Lanke,Steglitz-Zehlendorf
06400839,5408,1349,400509.71901538584,5408.0,0.0,Fischerhüttenstraße,Steglitz-Zehlendorf
06400840,7082,2240,479063.166028889,7082.0,0.0,Fischtal,Steglitz-Zehlendorf
06400841,6241,1367,388153.5354476899,6241.0,0.0,Zehlendorf Eiche,Steglitz-Zehlendorf
06400842,4761,497,400152.5712789987,4761.0,0.0,Hüttenweg,Steglitz-Zehlendorf
06400843,4699,1563,417417.08352917753,4699.0,0.0,Thielallee,Steglitz-Zehlendorf
06400844,7210,2145,741405.8863827398,7210.0,0.0,Dahlem,Steglitz-Zehlendorf
07100101,9846,371,895459.7989713002,9846.0,0.0,Wittenbergplatz,Tempelhof-Schöneberg
07100102,8697,348,657249.5207608911,8697.0,0.0,Kalckreuthstraße,Tempelhof-Schöneberg
07100103,8030,221,513422.8404626741,8030.0,0.0,Frobenstraße,Tempelhof-Schöneberg
07100204,10867,400,700385.4845484863,10867.0,0.0,Barbarossaplatz,Tempelhof-Schöneberg
07100205,5224,206,353138.13407310634,5224.0,0.0,Alvenslebenstraße,Tempelhof-Schöneberg
07100206,8256,299,496581.76621490146,8256.0,0.0,Großgörschenstraße,Tempelhof-Schöneberg
07200307,10567,397,681558.7424094899,10567.0,0.0,Bayerischer Platz,Tempelhof-Schöneberg
07200308,10702,385,621454.3347970601,10702.0,0.0,Volkspark (Rudolph-Wilde-Park),Tempelhof-Schöneberg
07200409,9303,450,703111.4915187102,9303.0,0.0,Belziger Straße,Tempelhof-Schöneberg
07200410,5624,196,352776.67140402924,5624.0,0.0,Feurigstraße,Tempelhof-Schöneberg
07200411,2723,133,191708.5253351298,2723.0,0.0,Julius-Leber-Brücke,Tempelhof-Schöneberg
07200412,2673,80,128530.10041963749,2673.0,0.0,Schöneberger Linse,Tempelhof-Schöneberg
07200413,7741,395,502137.9450003298,7740.999999999999,0.0,Cheruskerstraße,Tempelhof-Schöneberg
07200414,3728,165,234269.31936972693,3728.0,0.0,Hohenfriedbergstraße,Tempelhof-Schöneberg
07300515,7001,323,484796.2045791891,7001.0,0.0,Taunusstraße,Tempelhof-Schöneberg
07300516,8842,383,636751.9754472125,8842.0,0.0,Odenwaldstraße,Tempelhof-Schöneberg
07300517,10755,547,707686.3770549383,10755.0,0.0,Perelsplatz,Tempelhof-Schöneberg
07300618,9213,571,628321.9082558678,9213.0,0.0,Ceciliengärten,Tempelhof-Schöneberg
07300619,12209,730,722530.4811636283,12209.0,0.0,Grazer Platz,Tempelhof-Schöneberg
07400720,11707,1029,651637.3827760881,11707.0,0.0,Gontermannstraße,Tempelhof-Schöneberg
07400721,7604,1803,544690.5757542986,7604.000000000001,-0.0,Paradestraße,Tempelhof-Schöneberg
07400822,3299,399,268360.96114199486,3299.0000000000005,-0.0,Lindenhofsiedlung,Tempelhof-Schöneberg
07400823,9680,810,590968.198967333,9680.0,0.0,Wittekindstraße,Tempelhof-Schöneberg
07400824,7376,450,420923.47569481836,7376.0,0.0,Bosepark,Tempelhof-Schöneberg
07400825,7179,364,436179.3836162087,7179.0,0.0,Friedrich-Karl-Straße,Tempelhof-Schöneberg
07400826,5025,811,305788.6825361914,5025.0,0.0,Marienhöhe,Tempelhof-Schöneberg
07400927,11433,1681,1326193.1955543277,11433.0,0.0,Rathaus Tempelhof,Tempelhof-Schöneberg
07400928,3979,489,193500.5481001597,3979.0,0.0,Germaniagarten,Tempelhof-Schöneberg
07501029,8611,758,634590.4035416999,8611.0,0.0,Ringstraße,Tempelhof-Schöneberg
07501030,8854,539,484854.36555792176,8854.0,0.0,Machonstraße,Tempelhof-Schöneberg
07501031,9181,905,543830.9695272656,9181.0,0.0,Eisenacher Straße,Tempelhof-Schöneberg
07501032,6473,1450,325285.6219039556,6473.0,0.0,Imbrosweg,Tempelhof-Schöneberg
07501133,8346,1425,526261.7681849258,8346.0,0.0,Fritz-Werner-Straße,Tempelhof-Schöneberg
07501134,10618,2833,606019.744376958,10618.0,0.0,Hundsteinweg,Tempelhof-Schöneberg
07501135,2261,1085,139882.20234337158,2261.0,0.0,Birnhornweg,Tempelhof-Schöneberg
07601236,10390,1384,491377.4037946912,10390.0,0.0,Marienfelder Allee Nordwest,Tempelhof-Schöneberg
07601237,4783,1636,292214.41276397475,4783.0,0.0,Kirchstraße,Tempelhof-Schöneberg
07601238,2847,846,335171.5610922415,2847.0,0.0,Marienfelde Nordost,Tempelhof-Schöneberg
07601339,5774,226,384586.8208645078,5774.0,0.0,Tirschenreuther Ring West,Tempelhof-Schöneberg
07601340,6346,196,356546.93630558124,6345.999999999999,0.0,Tirschenreuther Ring Ost,Tempelhof-Schöneberg
07601341,2159,1612,375390.9904153235,2159.0,0.0,Diedersdorfer Weg,Tempelhof-Schöneberg
07601442,10371,3969,454106.38865462184,10371.0,0.0,Kettinger Straße,Tempelhof-Schöneberg
07601443,10804,3714,608369.1727004242,10804.0,0.0,Töpchiner Weg,Tempelhof-Schöneberg
07601544,9441,1441,443856.4569284664,9441.0,0.0,John-Locke-Straße,Tempelhof-Schöneberg
07601545,8565,1128,310064.0231594703,8565.0,0.0,Nahariyastraße,Tempelhof-Schöneberg
07601546,6954,3080,441259.8900449383,6954.0,0.0,Franziusweg,Tempelhof-Schöneberg
07601547,3886,1144,234269.42802638098,3886.0,0.0,Horstwalder Straße,Tempelhof-Schöneberg
07601548,2888,1678,143748.95788884335,2888.0000000000005,-0.0,Wittelsbacherstraße,Tempelhof-Schöneberg
08100101,4671,226,301221.96428717696,4671.0,0.0,Hasenheide,Neukölln
08100102,8188,340,437101.05574233824,8188.0,0.0,Schillerpromenade Nord,Neukölln
08100103,7157,217,370387.7886801689,7157.0,0.0,Schillerpromenade Süd,Neukölln
08100104,6686,206,331623.67718488205,6686.0,0.0,Wartheplatz,Neukölln
08100105,6414,262,310039.05538428813,6413.999999999999,0.0,Silbersteinstraße,Neukölln
08100206,9322,352,531832.448459934,9322.0,0.0,Flughafenstraße,Neukölln
08100207,7407,377,423936.00793399446,7407.0,0.0,Rollberg,Neukölln
08100208,12034,443,621464.6596553178,12034.0,0.0,Körnerpark,Neukölln
08100209,8964,606,613963.3978065725,8964.0,0.0,Glasower Straße,Neukölln
08100310,7555,262,454155.8126505381,7555.0,0.0,Maybachufer,Neukölln
08100311,7103,332,431623.195055895,7103.0,0.0,Reuterplatz,Neukölln
08100312,11671,385,635049.7948722531,11671.0,0.0,Weichselplatz,Neukölln
08100313,3722,89,194540.96155069693,3722.0000000000005,-0.0,Bouchéstraße,Neukölln
08100314,7993,279,446945.11666367506,7993.0,0.0,Donaustraße,Neukölln
08100415,6403,255,374095.7221536089,6403.0,0.0,Ganghoferstraße,Neukölln
08100416,6603,591,392458.5821112777,6603.0,0.0,Alt-Rixdorf,Neukölln
08100417,9621,349,500336.364392627,9621.0,0.0,Braunschweiger Straße,Neukölln
08100418,9227,400,498837.9567584246,9227.0,0.0,Hertzbergplatz,Neukölln
08100419,7372,279,339243.71392432274,7372.0,0.0,Treptower Straße Nord,Neukölln
08100520,5751,299,300958.5694062587,5751.0,0.0,Weiße Siedlung,Neukölln
08100521,9320,843,966165.3701006335,9320.0,0.0,Schulenburgpark,Neukölln
08200622,5852,474,467662.7379066956,5852.0,0.0,Jahnstraße,Neukölln
08200623,6360,749,412733.38926087687,6360.0,0.0,Park am Buschkrug,Neukölln
08200624,9073,625,536547.3899116996,9073.000000000002,-0.0,Tempelhofer Weg,Neukölln
08200725,2537,1278,273953.2900525515,2537.0,0.0,Mohriner Allee Nord,Neukölln
08200726,6285,1382,292649.673501462,6285.0,0.0,Hufeisensiedlung,Neukölln
08200727,8089,849,427912.5107286336,8089.000000000001,-0.0,Parchimer Allee Süd,Neukölln
08200728,1197,1566,164274.897119003,1197.0,0.0,Ortolanweg,Neukölln
08200729,1860,1903,171121.75341353734,1860.0,0.0,Britzer Garten,Neukölln
08200730,3368,1323,263763.26084194524,3367.9999999999995,0.0,Handwerker-Siedlung,Neukölln
08200831,8260,2286,425939.2471255169,8260.0,0.0,Buckow West,Neukölln
08200832,12822,1757,703634.4651975663,12822.0,0.0,Buckow Mitte,Neukölln
08200833,9451,1512,448326.89961960935,9451.0,0.0,Buckow Ost,Neukölln
08300934,12645,475,604884.1460480874,12645.0,0.0,Gropiusstadt Nord-West,Neukölln
08300935,7670,181,443109.7185898304,7670.0,0.0,Gropiusstadt Süd-West,Neukölln
08301036,7824,164,523745.31954630645,7824.0,0.0,Gropiusstadt Mitte,Neukölln
08301037,11067,110,583941.685176809,11067.0,0.0,Gropiusstadt Süd-Ost,Neukölln
08401138,2946,115,145860.15573732115,2946.0,0.0,Goldhähnchenweg,Neukölln
08401139,4170,1004,246124.91934440762,4170.0,0.0,Vogelviertel Süd,Neukölln
08401140,2673,908,155953.27831820777,2673.0,0.0,Vogelviertel Nord,Neukölln
08401241,8396,4132,301862.09410266735,8396.0,0.0,Blumenviertel,Neukölln
08401242,6902,2401,310885.5941250946,6902.0,0.0,Zittauer Straße,Neukölln
08401243,10085,2326,988217.731887258,10085.0,0.0,Alt-Rudow,Neukölln
08401244,7324,3527,514582.4678133138,7324.0,0.0,Waßmannsdorfer Chaussee,Neukölln
08401245,3690,227,195345.7884945504,3690.0,0.0,Frauenviertel,Neukölln
08401246,7893,1935,648778.377632522,7893.000000000001,-0.0,Waltersdorfer Chaussee Ost,Neukölln
09100101,13491,553,765872.0290624521,13491.0,0.0,Alt-Treptow,Treptow-Köpenick
09100202,4273,287,247454.4790994913,4273.0,0.0,Plänterwald West,Treptow-Köpenick
09100203,7596,430,406577.3415310387,7596.0,0.0,Plänterwald Ost,Treptow-Köpenick
09100304,12065,784,656368.1539973158,12064.999999999998,0.0,Baumschulenweg West,Treptow-Köpenick
09100305,4428,127,241319.70587925919,4428.0,0.0,Baumschulenweg Ost,Treptow-Köpenick
09100306,3099,2783,157425.11835165674,3099.0,0.0,Späthsfelde,Treptow-Köpenick
09100407,8671,1238,448643.72427480307,8671.0,0.0,Johannisthal West,Treptow-Köpenick
09100408,8881,434,529366.6131577918,8881.000000000002,-0.0,Johannisthal Ost,Treptow-Köpenick
09100409,5208,1357,476319.90104579984,5208.0,0.0,Landschaftspark Adlershof,Treptow-Köpenick
09200510,8150,688,628914.3691750497,8149.999999999999,0.0,Helmholtz-Kiez,Treptow-Köpenick
09200511,13252,593,765677.3152015056,13252.0,0.0,Griechischer Park,Treptow-Köpenick
09200512,4444,424,449393.31633520906,4444.0,0.0,Wuhlheide,Treptow-Köpenick
09200613,11227,607,757007.2983630132,11227.0,0.0,Bahnhof Schöneweide,Treptow-Köpenick
09200614,4160,580,194621.320165043,4160.0,0.0,Oberspree,Treptow-Köpenick
09200715,4355,647,585085.7104903788,4355.0,0.0,Wista,Treptow-Köpenick
09200716,8373,1442,456441.3848865399,8373.0,0.0,Dörpfeldstraße West,Treptow-Köpenick
09200717,10214,1373,662437.7645563299,10214.0,0.0,Dörpfeldstraße Ost,Treptow-Köpenick
09200818,4677,318,260807.90025886754,4677.0,0.0,Spindlersfeld,Treptow-Köpenick
09200819,8928,697,591919.7937102464,8928.0,0.0,Köllnische Vorstadt,Treptow-Köpenick
09300920,13331,4686,913239.9645385985,13331.0,0.0,Dorf Altglienicke,Treptow-Köpenick
09300921,3045,1224,213046.19089096607,3045.0,0.0,Preußen Siedlung,Treptow-Köpenick
09300922,6082,84,280117.2569218324,6082.0,0.0,Kosmos Viertel,Treptow-Köpenick
09300923,9537,1630,628240.175734644,9537.0,0.0,Kölner Viertel,Treptow-Köpenick
09301024,3786,735,258203.38116492442,3785.9999999999995,0.0,Falkenberg,Treptow-Köpenick
09301025,11905,4590,600733.8570568573,11905.0,0.0,Alt-Bohnsdorf,Treptow-Köpenick
09301126,8551,1706,756716.1318884061,8551.0,0.0,Grünau,Treptow-Köpenick
09301227,1851,997,101831.69435122106,1851.0,0.0,Karolinenhof,Treptow-Köpenick
09301228,2677,1719,168452.99970673773,2677.0,0.0,Schmöckwitz/Rauchfangswerder,Treptow-Köpenick
09401329,11871,3060,704574.3881119484,11871.0,0.0,Kietzer Feld/Nachtheide,Treptow-Köpenick
09401330,1889,518,140285.36724862794,1888.9999999999998,0.0,Wendenschloß,Treptow-Köpenick
09401431,6101,191,384577.7379009579,6101.0,0.0,Allende I,Treptow-Köpenick
09401432,1577,624,68610.43379653178,1576.9999999999998,0.0,Siedlung Kämmereiheide,Treptow-Köpenick
09401433,4207,77,264087.38584134035,4207.0,0.0,Allende II,Treptow-Köpenick
09401534,7411,624,417284.7159861821,7411.0,0.0,Altstadt Köpenick,Treptow-Köpenick
09401635,7015,4310,349788.67439662,7014.999999999999,0.0,Müggelheim,Treptow-Köpenick
09501736,4661,1260,256479.56059788348,4661.0,0.0,Hirschgarten,Treptow-Köpenick
09501737,14353,2172,913868.7447862301,14353.0,0.0,Alt-Friedrichshagen,Treptow-Köpenick
09501838,11227,6205,624512.8233869388,11227.0,0.0,Rahnsdorf,Treptow-Köpenick
09501939,6828,389,448406.7523949243,6828.0,0.0,Bahnhofstraße,Treptow-Köpenick
09501940,2773,185,183693.65926026166,2773.0,0.0,Güterbahnhof Köpenick,Treptow-Köpenick
09501941,2888,433,263442.3516501961,2888.0,0.0,Friedrichshagener Straße,Treptow-Köpenick
09502042,4484,1257,250561.2664547622,4484.0,0.0,Mittelheide,Treptow-Köpenick
09502043,9144,1999,463534.94883943064,9144.0,0.0,Dammheide,Treptow-Köpenick
10100101,5826,257,264565.1956069814,5826.0,0.0,Marzahn West,Marzahn-Hellersdorf
10100102,3725,79,174754.93892427292,3725.0,0.0,Rosenbecker Straße,Marzahn-Hellersdorf
10100103,8113,112,375603.889331618,8113.0,0.0,Wittenberger Straße,Marzahn-Hellersdorf
10100104,7669,150,341438.28848950425,7669.0,0.0,Golliner Straße,Marzahn-Hellersdorf
10100205,1247,317,90411.0001186402,1247.0,0.0,Gewerbegebiet Bitterfelder Straße,Marzahn-Hellersdorf
10100206,11801,139,551074.987801795,11801.0,0.0,Wuhletalstraße,Marzahn-Hellersdorf
10100207,8362,108,383271.7400877611,8362.0,0.0,Ahrensfelder Berge,Marzahn-Hellersdorf
10100208,10398,120,542660.2904420666,10398.0,0.0,Bürgerpark,Marzahn-Hellersdorf
10100209,9691,384,419275.1764981739,9691.0,0.0,Lea-Grundig-Straße,Marzahn-Hellersdorf
10100210,10853,112,521038.4717651952,10853.0,0.0,Marzahner Promenade,Marzahn-Hellersdorf
10100311,2970,1452,275367.63826631906,2970.0,0.0,Marzahner Chaussee,Marzahn-Hellersdorf
10100312,16407,177,849899.0501603398,16407.0,0.0,Springpfuhl,Marzahn-Hellersdorf
10100313,5021,1003,243722.34991211284,5021.0,0.0,Alt-Marzahn,Marzahn-Hellersdorf
10100314,6418,192,373241.3947284198,6418.0,0.0,Auersbergstraße,Marzahn-Hellersdorf
10100315,8408,242,430444.81829205237,8408.0,0.0,Bärenstein,Marzahn-Hellersdorf
10100316,3675,185,227959.05419647534,3675.0,0.0,Landsberger Tor,Marzahn-Hellersdorf
10200417,8039,139,345848.2733226922,8038.999999999999,0.0,Zossener Straße,Marzahn-Hellersdorf
10200418,7506,162,338557.2949617759,7506.0,0.0,Kyritzer Straße,Marzahn-Hellersdorf
10200419,4336,83,182784.87107796004,4336.0,0.0,Havelländer Ring,Marzahn-Hellersdorf
10200420,9150,251,396185.280996593,9150.0,0.0,Gut Hellersdorf,Marzahn-Hellersdorf
10200421,1745,24,128619.86021522443,1745.0,0.0,Helle Mitte,Marzahn-Hellersdorf
10200422,7358,134,299543.11974970135,7358.0,0.0,Hellersdorfer Promenade,Marzahn-Hellersdorf
10200423,6284,145,269598.56463233987,6284.0,0.0,Böhlener Straße,Marzahn-Hellersdorf
10200524,12037,227,542182.9111559197,12037.0,0.0,Adele-Sandrock-Straße,Marzahn-Hellersdorf
10200525,5407,131,219616.74749642235,5407.0,0.0,Schleipfuhl,Marzahn-Hellersdorf
10200526,6311,161,266222.9958631942,6310.999999999999,0.0,Boulevard Kastanienallee,Marzahn-Hellersdorf
10200627,3733,95,167745.74152537115,3732.9999999999995,0.0,Am Kienberg,Marzahn-Hellersdorf
10200628,6490,126,302982.02299438795,6490.0,0.0,Neue Grottkauer Straße,Marzahn-Hellersdorf
10200629,9534,291,465632.1910284011,9534.0,0.0,Teterower Ring,Marzahn-Hellersdorf
10200630,7003,134,351595.4450709083,7003.0,0.0,Cecilienplatz,Marzahn-Hellersdorf
10300731,7681,3802,418463.6019057787,7681.0,0.0,Oberfeldstraße,Marzahn-Hellersdorf
10300732,7256,868,423250.8999467355,7256.0,0.0,Buckower Ring,Marzahn-Hellersdorf
10300733,5260,1364,244906.0479402584,5260.0,0.0,Alt-Biesdorf,Marzahn-Hellersdorf
10300734,10694,5673,490681.4422202118,10694.0,0.0,Biesdorf Süd,Marzahn-Hellersdorf
10400835,7895,3329,614930.5227998622,7894.999999999999,0.0,Kaulsdorf Nord,Marzahn-Hellersdorf
10400836,3977,1542,302916.440124746,3977.0,0.0,Alt-Kaulsdorf,Marzahn-Hellersdorf
10400837,7955,4945,414263.17498455406,7955.000000000001,-0.0,Kaulsdorf Süd,Marzahn-Hellersdorf
10400938,10318,5741,450771.91579831333,10318.0,0.0,Mahlsdorf Nord,Marzahn-Hellersdorf
10400939,4465,1853,376672.26730121183,4465.0,0.0,Alt-Mahlsdorf,Marzahn-Hellersdorf
10400940,5816,3330,299643.8020906251,5816.0,0.0,Elsensee,Marzahn-Hellersdorf
10400941,9853,4856,877915.4252174438,9853.0,0.0,Pilgramer Straße,Marzahn-Hellersdorf
11100101,3393,2897,205460.66974540756,3393.0,0.0,Dörfer Malchow-Wartenberg,Lichtenberg
11100102,3276,1169,171463.3809530979,3276.0,0.0,Dorf Falkenberg,Lichtenberg
11100203,9448,75,413293.7412452904,9448.0,0.0,Falkenberg Ost,Lichtenberg
11100204,7428,88,398376.3552355099,7428.0,0.0,Falkenberg West,Lichtenberg
11100205,6736,141,325740.64453876944,6736.000000000001,-0.0,Wartenberg Süd,Lichtenberg
11100206,7885,219,360367.12267703284,7884.999999999999,0.0,Wartenberg Nord,Lichtenberg
11100307,11708,97,623915.0728500831,11708.0,0.0,Zingster Straße Ost,Lichtenberg
11100308,9869,182,531965.2336522721,9868.999999999998,0.0,Zingster Straße West,Lichtenberg
11100309,6572,186,375544.45351130667,6572.0,0.0,Mühlengrund,Lichtenberg
11200410,10476,4403,405933.5201462596,10476.0,0.0,Malchower Weg,Lichtenberg
11200411,6682,506,764224.1298449017,6682.0,0.0,Hauptstraße,Lichtenberg
11200512,4087,972,270843.2611663989,4087.0000000000005,-0.0,Orankesee,Lichtenberg
11200513,10410,333,531104.9803989088,10410.0,0.0,Große-Leege-Straße,Lichtenberg
11200514,16873,241,802769.668891119,16873.0,0.0,Landsberger Allee,Lichtenberg
11200515,5317,794,257526.0522824179,5317.0,0.0,Weiße Taube,Lichtenberg
11300616,6072,132,391243.1816208292,6072.0,0.0,Hohenschönhauser Straße,Lichtenberg
11300617,4400,66,325312.40834703186,4400.0,0.0,Fennpfuhlpark,Lichtenberg
11300618,3867,81,187270.39232533114,3867.0,0.0,Storkower Bogen,Lichtenberg
11300619,8924,62,463956.3750781694,8924.0,0.0,Rudolf-Seiffert-Park,Lichtenberg
11300620,11376,80,544929.7695014698,11376.0,0.0,Fennpfuhl Ost,Lichtenberg
11300721,7188,1204,945204.4535301755,7188.0,0.0,Herzbergstraße,Lichtenberg
11300722,10330,298,551517.6226515903,10330.0,0.0,Rathaus Lichtenberg,Lichtenberg
11300723,2549,589,121540.08404282868,2549.0,0.0,Bornitzstraße,Lichtenberg
11300724,4347,171,265902.17870173196,4347.0,0.0,Roedeliusplatz,Lichtenberg
11300725,10333,616,511951.0539230881,10333.0,0.0,Nibelungenviertel,Lichtenberg
11300826,10506,246,578038.559657086,10505.999999999998,0.0,Frankfurter Allee Süd,Lichtenberg
11400927,4137,379,230050.12058891729,4137.0,0.0,Victoriastadt,Lichtenberg
11400928,3112,446,177477.69523316738,3112.0,0.0,Nöldnerplatz,Lichtenberg
11400929,16969,732,864469.3108576067,16969.0,0.0,Weitlingkiez,Lichtenberg
11400930,4708,199,241987.02136024003,4708.0,0.0,Zachertstraße,Lichtenberg
11400931,7178,183,386706.6553348793,7178.0,0.0,Massower Straße,Lichtenberg
11401032,6297,188,317488.10865926504,6297.0,0.0,Rosenfelder Ring,Lichtenberg
11401033,6845,252,318696.7517585441,6844.999999999999,0.0,Gensinger Straße,Lichtenberg
11401034,3412,526,196827.4726774814,3412.0,0.0,Tierpark,Lichtenberg
11401135,11215,160,562021.2085407446,11215.0,0.0,Dolgenseestraße,Lichtenberg
11401136,8363,406,401333.3080073092,8363.0,0.0,Volkradstraße,Lichtenberg
11401137,9143,158,491250.369030061,9143.0,0.0,Erieseering,Lichtenberg
11501238,4973,744,343489.36281330464,4973.0,0.0,Rummelsburg,Lichtenberg
11501339,10528,1100,506345.94253192784,10528.0,0.0,Karlshorst West,Lichtenberg
11501340,11145,3325,597286.8845426553,11145.0,0.0,Karlshorst Nord,Lichtenberg
11501341,10184,1673,529421.744280659,10184.0,0.0,Karlshorst Süd,Lichtenberg
12100101,11180,1029,566408.0974192467,11180.000000000002,-0.0,Letteplatz,Reinickendorf
12100102,9883,966,520584.86326760496,9883.0,0.0,Hausotterplatz,Reinickendorf
12100103,7650,502,422205.06928736874,7650.0,0.0,Breitkopfbecken,Reinickendorf
12100204,9529,761,466746.6534916408,9529.0,0.0,Schäfersee,Reinickendorf
12100205,14329,1891,1319022.6072687448,14329.0,0.0,Teichstraße,Reinickendorf
12100206,4763,473,271329.33863197017,4763.0,0.0,Humboldtstraße,Reinickendorf
12200307,2829,309,292921.6445155999,2829.0,0.0,Reinickes Hof,Reinickendorf
12200308,5905,542,356176.97992810066,5905.0,0.0,Meller Bogen,Reinickendorf
12200309,11290,583,550756.9050922765,11290.000000000002,-0.0,Scharnweberstraße,Reinickendorf
12200310,8399,843,372199.9353589027,8399.0,0.0,Klixstraße,Reinickendorf
12200411,304,163,38790.91098121749,304.0,0.0,Schumacher-Quartier,Reinickendorf
12200412,6503,2254,480180.75649375335,6503.0,0.0,Waldidyll/Flughafensee,Reinickendorf
12200413,7969,268,461236.4394922502,7969.0,0.0,Tegel Süd,Reinickendorf
12200414,2599,2537,178135.31352525737,2599.0,0.0,TXL,Reinickendorf
12200515,11434,1103,1115359.906554765,11433.999999999998,0.0,Alt-Tegel,Reinickendorf
12400616,6109,3084,454984.2184583367,6109.0,0.0,Konradshöhe/Tegelort,Reinickendorf
12400617,6591,4030,632655.9267277414,6591.0,0.0,Alt-Heiligensee,Reinickendorf
12400618,3788,1512,171508.97235377945,3788.0,0.0,Heiligensee Nord,Reinickendorf
12400619,7721,3159,352564.51821787254,7721.000000000001,-0.0,Heiligensee,Reinickendorf
12400720,8415,3729,665053.7273252418,8415.0,0.0,Frohnau West,Reinickendorf
12400721,7894,3577,642316.8178566658,7894.000000000001,-0.0,Frohnau Ost,Reinickendorf
12400722,8352,3826,646748.6464517802,8352.0,0.0,Hermsdorf West,Reinickendorf
12400723,8078,3524,621570.9798403848,8078.000000000001,-0.0,Hermsdorf Ost/Waldsee,Reinickendorf
12500824,9735,2391,538881.9146942063,9735.0,0.0,Ziekowstraße/Freie Scholle,Reinickendorf
12500825,7070,1540,587153.6556830757,7070.0,0.0,Borsigwalde,Reinickendorf
12500926,5193,690,391092.88285877643,5193.0,0.0,Wittenau Mitte,Reinickendorf
12500927,7126,2354,488330.7835595535,7126.0,0.0,Wittenau Nord,Reinickendorf
12500928,5227,2013,349878.54780614586,5227.0,0.0,Waidmannslust,Reinickendorf
12500929,5058,3198,473068.69510579965,5058.0,0.0,Lübars,Reinickendorf
12500930,9830,1035,510343.1474306257,9830.0,0.0,Wittenau Süd,Reinickendorf
12601031,3369,1247,194493.92901449755,3368.9999999999995,0.0,Lübarser Straße,Reinickendorf
12601032,6434,309,282745.3522327566,6434.0,0.0,Rollbergesiedlung,Reinickendorf
12601133,11470,210,996362.4150287344,11470.0,0.0,Treuenbrietzener Straße,Reinickendorf
12601134,15947,239,1180439.5780910554,15947.000000000002,-0.0,Märkisches Zentrum,Reinickendorf
12601235,10566,176,558254.0880109676,10566.0,0.0,Dannenwalder Weg,Reinickendorf
12601236,3216,843,131890.53305363862,3216.0,0.0,Schorfheidestraße,Reinickendorf
03400831,0,16,8449.397896602275,0.0,0.0,Pankower Tor,Pankow
