radius_m,measure,matched_segments,share_matched,spearman,median_abs_rel_diff
400,cc_harmonic_400_ang,113666,0.972,0.9984,0.0
400,cc_betweenness_400_ang,113666,0.972,0.9986,0.0
400,nain_400,113666,0.972,0.9968,0.0
400,nach_400,113666,0.972,0.9983,0.0
400,cc_harmonic_400,113666,0.972,0.9995,0.0
400,cc_betweenness_400,113666,0.972,0.9986,0.0
800,cc_harmonic_800_ang,113666,0.972,0.9976,0.0045
800,cc_betweenness_800_ang,113666,0.972,0.9981,0.0
800,nain_800,113666,0.972,0.9961,0.0023
800,nach_800,113666,0.972,0.9981,0.0004
800,cc_harmonic_800,113666,0.972,0.9997,0.0022
800,cc_betweenness_800,113666,0.972,0.9979,0.0
1200,cc_harmonic_1200_ang,113666,0.972,0.9967,0.0067
1200,cc_betweenness_1200_ang,113666,0.972,0.9976,0.0034
1200,nain_1200,113666,0.972,0.9953,0.0038
1200,nach_1200,113666,0.972,0.9977,0.0009
1200,cc_harmonic_1200,113666,0.972,0.9997,0.0029
1200,cc_betweenness_1200,113666,0.972,0.9973,0.0023
2000,cc_harmonic_2000_ang,113666,0.972,0.9972,0.0068
2000,cc_betweenness_2000_ang,113666,0.972,0.9973,0.0106
2000,nain_2000,113666,0.972,0.9931,0.0064
2000,nach_2000,113666,0.972,0.9973,0.0018
2000,cc_harmonic_2000,113666,0.972,0.9998,0.0024
2000,cc_betweenness_2000,113666,0.972,0.9967,0.0036
