district,live_segments,segments,residential_share,network_km,median_segment_m,median_nain_800,median_nach_800,median_nain_2000,median_nach_2000
Charlottenburg-Wilmersdorf,9254,7412,0.801,609.5,58.7,0.845,0.926,0.661,0.922
Friedrichshain-Kreuzberg,4796,4116,0.858,290.0,52.6,0.793,0.922,0.666,0.909
Lichtenberg,10843,8619,0.795,607.8,50.3,0.801,0.899,0.654,0.878
Marzahn-Hellersdorf,12313,10022,0.814,763.7,54.5,0.774,0.904,0.618,0.894
Mitte,9198,7068,0.768,497.9,50.6,0.806,0.924,0.673,0.915
Neukölln,11210,10024,0.894,672.8,49.1,0.81,0.918,0.659,0.894
Pankow,15501,13359,0.862,1027.4,56.4,0.88,0.919,0.709,0.91
Reinickendorf,13741,11483,0.836,854.1,52.1,0.776,0.904,0.634,0.896
Spandau,12212,10286,0.842,815.4,57.9,0.813,0.902,0.66,0.886
Steglitz-Zehlendorf,13505,11697,0.866,947.3,59.2,0.838,0.926,0.701,0.923
Tempelhof-Schöneberg,10617,9170,0.864,704.1,57.6,0.827,0.918,0.679,0.91
Treptow-Köpenick,18457,13752,0.745,1079.2,54.6,0.841,0.904,0.682,0.892
