,count,mean,std,min,10%,50%,90%,max
cc_density_400_ang,4900.0,63.6308,26.4685,2.0,32.0,60.0,101.0,149.0
cc_td_400_ang,4900.0,174.9997,94.7051,2.6016,66.0592,157.6203,309.336,532.6971
cc_betweenness_400_ang,4900.0,120.9007,158.6025,0.0,0.0,67.0,325.05,1790.75
cc_harmonic_400_ang,4900.0,20.4377,8.8627,0.9226,9.7389,19.4059,32.4642,51.6423
cc_farness_400_ang,4900.0,238.6305,117.8793,4.6016,100.2554,218.5171,407.139,642.3607
cc_farness_800_ang,4900.0,1075.2933,489.5207,154.8991,489.8617,1005.7677,1778.3872,3465.0139
cc_harmonic_800_ang,4900.0,53.1893,21.7564,4.1831,26.793,51.0867,82.4871,124.8181
cc_density_800_ang,4900.0,219.3443,84.7995,34.0,115.0,208.0,341.1,477.0
cc_betweenness_800_ang,4900.0,820.5024,1108.7199,0.0,0.0,398.0,2201.9,6992.0
cc_td_800_ang,4900.0,855.949,415.6357,113.8991,367.4985,792.3256,1448.8511,3130.0139
cc_td_1200_ang,4900.0,2388.8282,1007.596,216.1404,1171.5909,2313.9156,3772.3856,6902.4378
cc_density_1200_ang,4900.0,492.9902,172.6158,63.0,280.0,483.0,727.0,951.0
cc_harmonic_1200_ang,4900.0,98.7919,38.0529,12.0443,52.1388,96.4608,150.6566,233.1313
cc_betweenness_1200_ang,4900.0,2712.2737,3995.5019,0.0,0.0,1095.25,7469.25,25745.75
cc_farness_1200_ang,4900.0,2881.8185,1156.3479,304.1404,1469.0423,2811.5172,4475.1083,7591.4378
cc_harmonic_2000_ang,4900.0,248.2141,79.2937,33.4536,151.4908,247.1729,347.5877,503.5466
cc_td_2000_ang,4900.0,11500.9904,3468.4392,792.7554,7312.8277,11626.084,15849.8408,23852.0093
cc_density_2000_ang,4900.0,1680.3178,437.1812,195.0,1119.9,1707.0,2210.0,2635.0
cc_farness_2000_ang,4900.0,13181.3082,3825.6966,1012.7554,8541.0803,13410.3592,17924.143,25884.0093
cc_betweenness_2000_ang,4900.0,15582.943,25560.5051,0.0,0.0,4565.125,44426.825,162420.8333
cc_farness_400,4900.0,19387.9549,8670.5117,380.6563,9080.097,17890.9785,31579.1935,47376.3383
cc_density_400,4900.0,77.1286,33.1215,2.0,37.0,72.0,124.0,173.0
cc_harmonic_400,4900.0,0.4544,0.2362,0.0117,0.1798,0.4258,0.7695,1.5266
cc_cycles_400,4900.0,81.1316,39.5667,1.0,34.0,75.0,137.0,200.0
cc_betweenness_400,4900.0,153.239,180.2109,0.0,0.0,92.0,396.1,1886.0
cc_cycles_800,4900.0,332.7349,142.9219,35.0,151.0,321.0,535.0,693.0
cc_betweenness_800,4900.0,1193.9046,1408.4835,0.0,0.0,737.5,3026.1,10881.0
cc_farness_800,4900.0,157056.3348,67228.92,18627.0152,75273.1252,154602.1676,248068.7455,335107.0235
cc_density_800,4900.0,297.3288,121.6346,40.0,149.0,287.0,466.1,622.0
cc_harmonic_800,4900.0,0.8195,0.3321,0.0802,0.4074,0.7992,1.271,2.0408
cc_farness_1200,4900.0,553134.8656,196587.4938,54472.4792,296276.8709,551150.1305,816761.6225,989276.2483
cc_harmonic_1200,4900.0,1.2088,0.4294,0.2118,0.6623,1.2035,1.7986,2.4978
cc_betweenness_1200,4900.0,4064.8811,4849.0701,0.0,0.0,2423.25,10334.125,36442.5
cc_density_1200,4900.0,687.4371,245.1199,108.0,373.0,687.0,1015.0,1205.0
cc_cycles_1200,4900.0,791.5353,296.7715,137.0,404.0,785.5,1200.0,1395.0
cc_harmonic_2000,4900.0,2.0319,0.56,0.4632,1.2719,2.0679,2.7545,3.4949
cc_betweenness_2000,4900.0,19199.0346,23565.2329,0.0,0.0,10148.5417,52206.35,162885.25
cc_density_2000,4900.0,2006.6284,482.7467,203.0,1401.0,2069.0,2547.0,2893.0
cc_farness_2000,4900.0,2711000.0215,602969.3408,212384.7893,1998742.5741,2793477.3482,3352798.8371,3967432.1168
cc_cycles_2000,4900.0,2379.7198,603.8638,246.0,1624.8,2442.5,3071.1,3586.0
nain_400,4900.0,0.9181,0.2635,0.281,0.6021,0.8931,1.2924,2.0782
nach_400,4900.0,0.7239,0.3872,0.0,0.0,0.852,1.1078,1.4057
nain_800,4900.0,0.8044,0.207,0.2487,0.5481,0.7881,1.0922,1.4813
nach_800,4900.0,0.77,0.4044,0.0,0.0,0.9156,1.159,1.3718
nain_1200,4900.0,0.7474,0.1726,0.2303,0.5264,0.741,0.9758,1.3143
nach_1200,4900.0,0.7723,0.4086,0.0,0.0,0.9189,1.1652,1.4416
nain_2000,4900.0,0.662,0.1238,0.2601,0.5052,0.6595,0.8214,1.0665
nach_2000,4900.0,0.7919,0.3752,0.0,0.0,0.9078,1.1629,1.315
