district,street,segments,length_m,choice_800_pct,nach_800_pct,nain_800_pct,choice_2000_pct,nach_2000_pct,nain_2000_pct
Friedrichshain-Kreuzberg,frankfurter allee,23,1596.0,0.75,0.79,0.93,0.89,0.91,0.98
Friedrichshain-Kreuzberg,karl-marx-allee,21,1857.0,0.86,0.75,0.81,0.96,0.97,0.88
Friedrichshain-Kreuzberg,warschauer straße,13,1756.0,0.49,0.58,0.7,0.75,0.78,0.78
Friedrichshain-Kreuzberg,skalitzer straße,26,1982.0,0.62,0.61,0.51,0.63,0.64,0.53
Friedrichshain-Kreuzberg,kottbusser damm,11,1014.0,0.63,0.69,0.67,0.83,0.81,0.44
Friedrichshain-Kreuzberg,oranienstraße,32,2258.0,0.93,0.81,0.72,0.94,0.93,0.85
Friedrichshain-Kreuzberg,gneisenaustraße,18,1952.0,0.63,0.68,0.85,0.8,0.82,0.76
Friedrichshain-Kreuzberg,yorckstraße,21,1358.0,0.79,0.75,0.64,0.71,0.7,0.67
Friedrichshain-Kreuzberg,mehringdamm,16,1466.0,0.7,0.75,0.61,0.8,0.8,0.66
Friedrichshain-Kreuzberg,petersburger straße,15,1576.0,0.45,0.47,0.73,0.77,0.76,0.83
Friedrichshain-Kreuzberg,boxhagener straße,14,1643.0,0.64,0.81,0.99,0.82,0.88,0.96
Friedrichshain-Kreuzberg,revaler straße,16,1221.0,0.65,0.88,0.88,0.77,0.85,0.83
