unit_id,unit_name,weighting,mode,speed_mps,n_buildings,residents,n_unreachable,median_min,p25_min,p75_min,mean_min,share_over_15min,share_over_30min,low_population
Berlin,Berlin,residents,S-Bahn,1.0,331872,3913644.0,0,21.6629,14.1898,33.6393,27.1743,0.7215,0.3059,False
Berlin,Berlin,residents,S-Bahn,1.3,331872,3913644.0,0,16.6638,10.9152,25.8764,20.9033,0.5667,0.1898,False
Berlin,Berlin,residents,S-Bahn,1.4,331872,3913644.0,0,15.4735,10.1356,24.0281,19.4102,0.5189,0.1628,False
Berlin,Berlin,residents,U-Bahn,1.0,331872,3913644.0,0,20.7163,9.8429,52.6044,37.3295,0.5987,0.4017,False
Berlin,Berlin,residents,U-Bahn,1.3,331872,3913644.0,0,15.9356,7.5715,40.4649,28.715,0.5174,0.3324,False
Berlin,Berlin,residents,U-Bahn,1.4,331872,3913644.0,0,14.7974,7.0307,37.5746,26.6639,0.4958,0.3124,False
Berlin,Berlin,residents,Tram,1.0,331872,3913644.0,0,42.9464,9.9503,102.1857,66.1539,0.6716,0.5578,False
Berlin,Berlin,residents,Tram,1.3,331872,3913644.0,0,33.0357,7.6541,78.6044,50.8876,0.6225,0.5173,False
Berlin,Berlin,residents,Tram,1.4,331872,3913644.0,0,30.676,7.1074,72.9898,47.2528,0.6098,0.5043,False
Berlin,Berlin,residents,Bus,1.0,331872,3913644.0,0,4.6767,3.0779,6.7503,5.3085,0.0151,0.0003,False
Berlin,Berlin,residents,Bus,1.3,331872,3913644.0,0,3.5975,2.3676,5.1926,4.0835,0.0033,0.0001,False
Berlin,Berlin,residents,Bus,1.4,331872,3913644.0,0,3.3405,2.1985,4.8217,3.7918,0.0022,0.0,False
Berlin,Berlin,residents,Regionalbahn,1.0,331872,3913644.0,0,49.8276,32.721,73.2581,58.7397,0.952,0.7853,False
Berlin,Berlin,residents,Regionalbahn,1.3,331872,3913644.0,0,38.3289,25.17,56.3524,45.1844,0.9119,0.6638,False
Berlin,Berlin,residents,Regionalbahn,1.4,331872,3913644.0,0,35.5912,23.3721,52.3272,41.9569,0.8968,0.6207,False
Berlin,Berlin,residents,S- or U-Bahn,1.0,331872,3913644.0,0,13.6991,8.5168,23.9374,19.2336,0.4524,0.1757,False
Berlin,Berlin,residents,S- or U-Bahn,1.3,331872,3913644.0,0,10.5378,6.5514,18.4134,14.7951,0.3309,0.0999,False
Berlin,Berlin,residents,S- or U-Bahn,1.4,331872,3913644.0,0,9.7851,6.0834,17.0981,13.7383,0.3,0.0824,False
Berlin,Berlin,residents,Any mode,1.0,331872,3913644.0,0,4.4153,2.9379,6.2627,4.9221,0.0104,0.0003,False
Berlin,Berlin,residents,Any mode,1.3,331872,3913644.0,0,3.3964,2.2599,4.8174,3.7862,0.0026,0.0,False
Berlin,Berlin,residents,Any mode,1.4,331872,3913644.0,0,3.1538,2.0985,4.4733,3.5158,0.0018,0.0,False
Charlottenburg-Wilmersdorf,Charlottenburg-Wilmersdorf,residents,S-Bahn,1.0,17250,343625.0,0,17.7857,12.3995,23.7199,18.3442,0.6242,0.0744,False
Charlottenburg-Wilmersdorf,Charlottenburg-Wilmersdorf,residents,S-Bahn,1.3,17250,343625.0,0,13.6813,9.5381,18.2461,14.111,0.4234,0.0087,False
Charlottenburg-Wilmersdorf,Charlottenburg-Wilmersdorf,residents,S-Bahn,1.4,17250,343625.0,0,12.7041,8.8568,16.9428,13.103,0.3634,0.0047,False
Charlottenburg-Wilmersdorf,Charlottenburg-Wilmersdorf,residents,U-Bahn,1.0,17250,343625.0,0,10.1649,6.763,16.7605,13.7817,0.3003,0.0915,False
Charlottenburg-Wilmersdorf,Charlottenburg-Wilmersdorf,residents,U-Bahn,1.3,17250,343625.0,0,7.8192,5.2023,12.8927,10.6013,0.1977,0.0468,False
Charlottenburg-Wilmersdorf,Charlottenburg-Wilmersdorf,residents,U-Bahn,1.4,17250,343625.0,0,7.2606,4.8307,11.9718,9.8441,0.1791,0.0341,False
Charlottenburg-Wilmersdorf,Charlottenburg-Wilmersdorf,residents,Tram,1.0,17250,343625.0,0,77.3056,60.1058,100.2492,81.4195,1.0,0.9879,False
Charlottenburg-Wilmersdorf,Charlottenburg-Wilmersdorf,residents,Tram,1.3,17250,343625.0,0,59.4658,46.2352,77.1148,62.6304,0.9996,0.9625,False
Charlottenburg-Wilmersdorf,Charlottenburg-Wilmersdorf,residents,Tram,1.4,17250,343625.0,0,55.2183,42.9327,71.6066,58.1568,0.9993,0.9523,False
Charlottenburg-Wilmersdorf,Charlottenburg-Wilmersdorf,residents,Bus,1.0,17250,343625.0,0,4.3239,2.8875,5.9741,4.708,0.0055,0.0002,False
Charlottenburg-Wilmersdorf,Charlottenburg-Wilmersdorf,residents,Bus,1.3,17250,343625.0,0,3.3261,2.2212,4.5955,3.6216,0.0016,0.0,False
Charlottenburg-Wilmersdorf,Charlottenburg-Wilmersdorf,residents,Bus,1.4,17250,343625.0,0,3.0885,2.0625,4.2672,3.3629,0.001,0.0,False
Charlottenburg-Wilmersdorf,Charlottenburg-Wilmersdorf,residents,Regionalbahn,1.0,17250,343625.0,0,34.8635,22.9074,51.0211,37.7302,0.8935,0.5881,False
Charlottenburg-Wilmersdorf,Charlottenburg-Wilmersdorf,residents,Regionalbahn,1.3,17250,343625.0,0,26.8181,17.6211,39.247,29.0232,0.8159,0.4376,False
Charlottenburg-Wilmersdorf,Charlottenburg-Wilmersdorf,residents,Regionalbahn,1.4,17250,343625.0,0,24.9025,16.3625,36.4437,26.9501,0.7887,0.399,False
Charlottenburg-Wilmersdorf,Charlottenburg-Wilmersdorf,residents,S- or U-Bahn,1.0,17250,343625.0,0,9.1557,6.4153,13.07,10.5371,0.1727,0.0122,False
Charlottenburg-Wilmersdorf,Charlottenburg-Wilmersdorf,residents,S- or U-Bahn,1.3,17250,343625.0,0,7.0428,4.9348,10.0539,8.1054,0.0896,0.0003,False
Charlottenburg-Wilmersdorf,Charlottenburg-Wilmersdorf,residents,S- or U-Bahn,1.4,17250,343625.0,0,6.5398,4.5823,9.3357,7.5265,0.0754,0.0003,False
Charlottenburg-Wilmersdorf,Charlottenburg-Wilmersdorf,residents,Any mode,1.0,17250,343625.0,0,4.2232,2.8144,5.8089,4.5915,0.0045,0.0002,False
Charlottenburg-Wilmersdorf,Charlottenburg-Wilmersdorf,residents,Any mode,1.3,17250,343625.0,0,3.2486,2.1649,4.4684,3.5319,0.0014,0.0,False
Charlottenburg-Wilmersdorf,Charlottenburg-Wilmersdorf,residents,Any mode,1.4,17250,343625.0,0,3.0166,2.0103,4.1492,3.2796,0.0009,0.0,False
Friedrichshain-Kreuzberg,Friedrichshain-Kreuzberg,residents,S-Bahn,1.0,9564,292789.0,0,20.2703,14.2625,29.8313,22.7107,0.7162,0.2467,False
Friedrichshain-Kreuzberg,Friedrichshain-Kreuzberg,residents,S-Bahn,1.3,9564,292789.0,0,15.5926,10.9712,22.9472,17.4698,0.5266,0.0957,False
Friedrichshain-Kreuzberg,Friedrichshain-Kreuzberg,residents,S-Bahn,1.4,9564,292789.0,0,14.4788,10.1875,21.3081,16.2219,0.4756,0.0648,False
Friedrichshain-Kreuzberg,Friedrichshain-Kreuzberg,residents,U-Bahn,1.0,9564,292789.0,0,9.6377,6.7899,12.9211,10.5822,0.16,0.0176,False
Friedrichshain-Kreuzberg,Friedrichshain-Kreuzberg,residents,U-Bahn,1.3,9564,292789.0,0,7.4136,5.223,9.9393,8.1402,0.0626,0.0055,False
Friedrichshain-Kreuzberg,Friedrichshain-Kreuzberg,residents,U-Bahn,1.4,9564,292789.0,0,6.884,4.8499,9.2294,7.5587,0.0438,0.0029,False
Friedrichshain-Kreuzberg,Friedrichshain-Kreuzberg,residents,Tram,1.0,9564,292789.0,0,22.8711,6.7007,45.8837,27.3221,0.5961,0.4347,False
Friedrichshain-Kreuzberg,Friedrichshain-Kreuzberg,residents,Tram,1.3,9564,292789.0,0,17.5932,5.1544,35.2951,21.017,0.5455,0.3244,False
Friedrichshain-Kreuzberg,Friedrichshain-Kreuzberg,residents,Tram,1.4,9564,292789.0,0,16.3365,4.7862,32.7741,19.5158,0.5251,0.2849,False
Friedrichshain-Kreuzberg,Friedrichshain-Kreuzberg,residents,Bus,1.0,9564,292789.0,0,4.5628,2.9403,6.5324,4.9959,0.0,0.0,False
Friedrichshain-Kreuzberg,Friedrichshain-Kreuzberg,residents,Bus,1.3,9564,292789.0,0,3.5098,2.2617,5.0249,3.843,0.0,0.0,False
Friedrichshain-Kreuzberg,Friedrichshain-Kreuzberg,residents,Bus,1.4,9564,292789.0,0,3.2591,2.1002,4.666,3.5685,0.0,0.0,False
Friedrichshain-Kreuzberg,Friedrichshain-Kreuzberg,residents,Regionalbahn,1.0,9564,292789.0,0,31.3073,22.5064,39.7755,31.2096,0.9075,0.541,False
Friedrichshain-Kreuzberg,Friedrichshain-Kreuzberg,residents,Regionalbahn,1.3,9564,292789.0,0,24.0826,17.3126,30.5965,24.0074,0.8264,0.2673,False
Friedrichshain-Kreuzberg,Friedrichshain-Kreuzberg,residents,Regionalbahn,1.4,9564,292789.0,0,22.3624,16.076,28.411,22.2926,0.7878,0.1906,False
Friedrichshain-Kreuzberg,Friedrichshain-Kreuzberg,residents,S- or U-Bahn,1.0,9564,292789.0,0,9.2547,6.6045,11.9272,9.4444,0.0846,0.0001,False
Friedrichshain-Kreuzberg,Friedrichshain-Kreuzberg,residents,S- or U-Bahn,1.3,9564,292789.0,0,7.119,5.0804,9.1747,7.2649,0.012,0.0,False
Friedrichshain-Kreuzberg,Friedrichshain-Kreuzberg,residents,S- or U-Bahn,1.4,9564,292789.0,0,6.6105,4.7175,8.5194,6.746,0.0059,0.0,False
Friedrichshain-Kreuzberg,Friedrichshain-Kreuzberg,residents,Any mode,1.0,9564,292789.0,0,3.9523,2.6318,5.4613,4.1664,0.0,0.0,False
Friedrichshain-Kreuzberg,Friedrichshain-Kreuzberg,residents,Any mode,1.3,9564,292789.0,0,3.0403,2.0245,4.201,3.2049,0.0,0.0,False
Friedrichshain-Kreuzberg,Friedrichshain-Kreuzberg,residents,Any mode,1.4,9564,292789.0,0,2.8231,1.8799,3.9009,2.976,0.0,0.0,False
Lichtenberg,Lichtenberg,residents,S-Bahn,1.0,13921,318261.0,0,18.2557,13.2056,28.2024,22.1739,0.6633,0.2208,False
Lichtenberg,Lichtenberg,residents,S-Bahn,1.3,13921,318261.0,0,14.0428,10.1581,21.6942,17.0569,0.4575,0.1325,False
Lichtenberg,Lichtenberg,residents,S-Bahn,1.4,13921,318261.0,0,13.0398,9.4325,20.1446,15.8385,0.4054,0.1095,False
Lichtenberg,Lichtenberg,residents,U-Bahn,1.0,13921,318261.0,0,34.1317,18.1143,84.2174,50.9976,0.8041,0.544,False
Lichtenberg,Lichtenberg,residents,U-Bahn,1.3,13921,318261.0,0,26.2551,13.9341,64.7826,39.2289,0.7233,0.4504,False
Lichtenberg,Lichtenberg,residents,U-Bahn,1.4,13921,318261.0,0,24.3798,12.9388,60.1553,36.4269,0.6951,0.4227,False
Lichtenberg,Lichtenberg,residents,Tram,1.0,13921,318261.0,0,8.4345,5.3738,14.3102,10.4981,0.228,0.0152,False
Lichtenberg,Lichtenberg,residents,Tram,1.3,13921,318261.0,0,6.4881,4.1337,11.0079,8.0755,0.1262,0.0015,False
Lichtenberg,Lichtenberg,residents,Tram,1.4,13921,318261.0,0,6.0247,3.8384,10.2216,7.4987,0.0988,0.0011,False
Lichtenberg,Lichtenberg,residents,Bus,1.0,13921,318261.0,0,5.1309,3.4345,7.272,5.7681,0.0166,0.0001,False
Lichtenberg,Lichtenberg,residents,Bus,1.3,13921,318261.0,0,3.9469,2.6419,5.5939,4.437,0.0026,0.0,False
Lichtenberg,Lichtenberg,residents,Bus,1.4,13921,318261.0,0,3.665,2.4532,5.1943,4.1201,0.0015,0.0,False
Lichtenberg,Lichtenberg,residents,Regionalbahn,1.0,13921,318261.0,0,32.6221,19.6813,55.5357,36.7703,0.8666,0.5268,False
Lichtenberg,Lichtenberg,residents,Regionalbahn,1.3,13921,318261.0,0,25.0939,15.1395,42.7197,28.2848,0.7517,0.4436,False
Lichtenberg,Lichtenberg,residents,Regionalbahn,1.4,13921,318261.0,0,23.3015,14.0581,39.6683,26.2645,0.7221,0.4176,False
Lichtenberg,Lichtenberg,residents,S- or U-Bahn,1.0,13921,318261.0,0,15.8495,10.852,24.8358,20.0089,0.5374,0.188,False
Lichtenberg,Lichtenberg,residents,S- or U-Bahn,1.3,13921,318261.0,0,12.1919,8.3477,19.1045,15.3915,0.3587,0.1254,False
Lichtenberg,Lichtenberg,residents,S- or U-Bahn,1.4,13921,318261.0,0,11.3211,7.7515,17.7399,14.2921,0.3206,0.1056,False
Lichtenberg,Lichtenberg,residents,Any mode,1.0,13921,318261.0,0,4.6441,3.1821,6.4059,5.0681,0.008,0.0,False
Lichtenberg,Lichtenberg,residents,Any mode,1.3,13921,318261.0,0,3.5724,2.4478,4.9276,3.8986,0.0016,0.0,False
Lichtenberg,Lichtenberg,residents,Any mode,1.4,13921,318261.0,0,3.3172,2.2729,4.5757,3.6201,0.001,0.0,False
Marzahn-Hellersdorf,Marzahn-Hellersdorf,residents,S-Bahn,1.0,32525,296687.0,0,27.9058,16.6577,45.024,31.5755,0.7953,0.4691,False
Marzahn-Hellersdorf,Marzahn-Hellersdorf,residents,S-Bahn,1.3,32525,296687.0,0,21.466,12.8136,34.6339,24.2889,0.6804,0.3269,False
Marzahn-Hellersdorf,Marzahn-Hellersdorf,residents,S-Bahn,1.4,32525,296687.0,0,19.9327,11.8984,32.16,22.5539,0.6375,0.2879,False
Marzahn-Hellersdorf,Marzahn-Hellersdorf,residents,U-Bahn,1.0,32525,296687.0,0,41.1534,15.9284,64.7774,42.2962,0.7659,0.5938,False
Marzahn-Hellersdorf,Marzahn-Hellersdorf,residents,U-Bahn,1.3,32525,296687.0,0,31.6565,12.2526,49.8288,32.5355,0.7092,0.5191,False
Marzahn-Hellersdorf,Marzahn-Hellersdorf,residents,U-Bahn,1.4,32525,296687.0,0,29.3953,11.3774,46.2696,30.2116,0.6892,0.4942,False
Marzahn-Hellersdorf,Marzahn-Hellersdorf,residents,Tram,1.0,32525,296687.0,0,11.2759,6.7144,24.1772,16.6529,0.3877,0.184,False
Marzahn-Hellersdorf,Marzahn-Hellersdorf,residents,Tram,1.3,32525,296687.0,0,8.6738,5.1649,18.5979,12.8099,0.3008,0.0958,False
Marzahn-Hellersdorf,Marzahn-Hellersdorf,residents,Tram,1.4,32525,296687.0,0,8.0542,4.796,17.2694,11.8949,0.2824,0.073,False
Marzahn-Hellersdorf,Marzahn-Hellersdorf,residents,Bus,1.0,32525,296687.0,0,5.6406,3.8602,7.6974,5.9697,0.0073,0.0,False
Marzahn-Hellersdorf,Marzahn-Hellersdorf,residents,Bus,1.3,32525,296687.0,0,4.3389,2.9694,5.9211,4.592,0.0005,0.0,False
Marzahn-Hellersdorf,Marzahn-Hellersdorf,residents,Bus,1.4,32525,296687.0,0,4.029,2.7573,5.4982,4.264,0.0001,0.0,False
Marzahn-Hellersdorf,Marzahn-Hellersdorf,residents,Regionalbahn,1.0,32525,296687.0,0,55.097,40.4601,69.8787,53.8194,0.9508,0.8477,False
Marzahn-Hellersdorf,Marzahn-Hellersdorf,residents,Regionalbahn,1.3,32525,296687.0,0,42.3823,31.1231,53.7529,41.3995,0.9224,0.7699,False
Marzahn-Hellersdorf,Marzahn-Hellersdorf,residents,Regionalbahn,1.4,32525,296687.0,0,39.355,28.9,49.9134,38.4424,0.9072,0.7272,False
Marzahn-Hellersdorf,Marzahn-Hellersdorf,residents,S- or U-Bahn,1.0,32525,296687.0,0,17.023,11.3084,25.9374,19.868,0.5769,0.184,False
Marzahn-Hellersdorf,Marzahn-Hellersdorf,residents,S- or U-Bahn,1.3,32525,296687.0,0,13.0946,8.6988,19.9519,15.2831,0.4303,0.0632,False
Marzahn-Hellersdorf,Marzahn-Hellersdorf,residents,S- or U-Bahn,1.4,32525,296687.0,0,12.1593,8.0774,18.5267,14.1915,0.3787,0.0479,False
Marzahn-Hellersdorf,Marzahn-Hellersdorf,residents,Any mode,1.0,32525,296687.0,0,5.2963,3.6283,7.0874,5.5763,0.0053,0.0,False
Marzahn-Hellersdorf,Marzahn-Hellersdorf,residents,Any mode,1.3,32525,296687.0,0,4.0741,2.791,5.4518,4.2895,0.0001,0.0,False
Marzahn-Hellersdorf,Marzahn-Hellersdorf,residents,Any mode,1.4,32525,296687.0,0,3.7831,2.5917,5.0624,3.9831,0.0,0.0,False
Mitte,Mitte,residents,S-Bahn,1.0,14136,397879.0,0,16.5864,11.6177,21.8965,17.9333,0.582,0.09,False
Mitte,Mitte,residents,S-Bahn,1.3,14136,397879.0,0,12.7588,8.9367,16.8435,13.7949,0.3486,0.0449,False
Mitte,Mitte,residents,S-Bahn,1.4,14136,397879.0,0,11.8475,8.2983,15.6404,12.8095,0.2842,0.0281,False
Mitte,Mitte,residents,U-Bahn,1.0,14136,397879.0,0,9.3086,6.3141,13.1589,10.2576,0.1777,0.0049,False
Mitte,Mitte,residents,U-Bahn,1.3,14136,397879.0,0,7.1605,4.857,10.1222,7.8905,0.0596,0.0019,False
Mitte,Mitte,residents,U-Bahn,1.4,14136,397879.0,0,6.649,4.5101,9.3992,7.3269,0.0433,0.0003,False
Mitte,Mitte,residents,Tram,1.0,14136,397879.0,0,12.6378,7.3755,19.9694,15.201,0.4109,0.0877,False
Mitte,Mitte,residents,Tram,1.3,14136,397879.0,0,9.7214,5.6734,15.3611,11.6931,0.2618,0.0449,False
Mitte,Mitte,residents,Tram,1.4,14136,397879.0,0,9.027,5.2682,14.2638,10.8579,0.2215,0.0372,False
Mitte,Mitte,residents,Bus,1.0,14136,397879.0,0,4.1674,2.841,5.7878,4.5091,0.0034,0.0,False
Mitte,Mitte,residents,Bus,1.3,14136,397879.0,0,3.2057,2.1854,4.4522,3.4685,0.0011,0.0,False
Mitte,Mitte,residents,Bus,1.4,14136,397879.0,0,2.9767,2.0293,4.1342,3.2208,0.0005,0.0,False
Mitte,Mitte,residents,Regionalbahn,1.0,14136,397879.0,0,33.6674,24.8095,42.9579,34.8712,0.9331,0.6118,False
Mitte,Mitte,residents,Regionalbahn,1.3,14136,397879.0,0,25.898,19.0843,33.0446,26.824,0.8599,0.3541,False
Mitte,Mitte,residents,Regionalbahn,1.4,14136,397879.0,0,24.0481,17.7211,30.6842,24.908,0.8335,0.2741,False
Mitte,Mitte,residents,S- or U-Bahn,1.0,14136,397879.0,0,8.5876,5.9128,11.6679,9.189,0.1025,0.004,False
Mitte,Mitte,residents,S- or U-Bahn,1.3,14136,397879.0,0,6.6059,4.5483,8.9753,7.0685,0.022,0.0019,False
Mitte,Mitte,residents,S- or U-Bahn,1.4,14136,397879.0,0,6.134,4.2234,8.3342,6.5636,0.0141,0.0003,False
Mitte,Mitte,residents,Any mode,1.0,14136,397879.0,0,3.9841,2.7322,5.5001,4.2335,0.0025,0.0,False
Mitte,Mitte,residents,Any mode,1.3,14136,397879.0,0,3.0647,2.1017,4.2309,3.2565,0.0011,0.0,False
Mitte,Mitte,residents,Any mode,1.4,14136,397879.0,0,2.8458,1.9516,3.9287,3.0239,0.0005,0.0,False
Neukölln,Neukölln,residents,S-Bahn,1.0,27274,331623.0,0,37.6644,20.1204,66.4329,43.1418,0.8309,0.583,False
Neukölln,Neukölln,residents,S-Bahn,1.3,27274,331623.0,0,28.9726,15.4772,51.1022,33.186,0.7598,0.4893,False
Neukölln,Neukölln,residents,S-Bahn,1.4,27274,331623.0,0,26.9031,14.3717,47.452,30.8156,0.7303,0.463,False
Neukölln,Neukölln,residents,U-Bahn,1.0,27274,331623.0,0,12.2244,7.3404,22.8938,16.3782,0.4148,0.1491,False
Neukölln,Neukölln,residents,U-Bahn,1.3,27274,331623.0,0,9.4034,5.6464,17.6106,12.5986,0.3072,0.0624,False
Neukölln,Neukölln,residents,U-Bahn,1.4,27274,331623.0,0,8.7317,5.2431,16.3527,11.6987,0.2805,0.043,False
Neukölln,Neukölln,residents,Tram,1.0,27274,331623.0,0,69.6788,54.8558,86.8839,72.4612,1.0,0.9969,False
Neukölln,Neukölln,residents,Tram,1.3,27274,331623.0,0,53.5991,42.1968,66.8338,55.7394,1.0,0.9707,False
Neukölln,Neukölln,residents,Tram,1.4,27274,331623.0,0,49.7706,39.1827,62.06,51.758,1.0,0.9444,False
Neukölln,Neukölln,residents,Bus,1.0,27274,331623.0,0,4.3721,2.876,6.26,4.8108,0.003,0.0,False
Neukölln,Neukölln,residents,Bus,1.3,27274,331623.0,0,3.3631,2.2123,4.8154,3.7006,0.0003,0.0,False
Neukölln,Neukölln,residents,Bus,1.4,27274,331623.0,0,3.1229,2.0543,4.4714,3.4363,0.0001,0.0,False
Neukölln,Neukölln,residents,Regionalbahn,1.0,27274,331623.0,0,80.5603,66.0843,95.5737,82.1896,1.0,1.0,False
Neukölln,Neukölln,residents,Regionalbahn,1.3,27274,331623.0,0,61.9695,50.8341,73.5182,63.2228,1.0,0.9994,False
Neukölln,Neukölln,residents,Regionalbahn,1.4,27274,331623.0,0,57.5431,47.203,68.2669,58.7069,1.0,0.9965,False
Neukölln,Neukölln,residents,S- or U-Bahn,1.0,27274,331623.0,0,11.238,7.0516,20.347,14.8687,0.3726,0.1097,False
Neukölln,Neukölln,residents,S- or U-Bahn,1.3,27274,331623.0,0,8.6446,5.4243,15.6516,11.4374,0.2661,0.0405,False
Neukölln,Neukölln,residents,S- or U-Bahn,1.4,27274,331623.0,0,8.0271,5.0369,14.5336,10.6205,0.2375,0.026,False
Neukölln,Neukölln,residents,Any mode,1.0,27274,331623.0,0,4.2662,2.8,6.0976,4.6911,0.003,0.0,False
Neukölln,Neukölln,residents,Any mode,1.3,27274,331623.0,0,3.2817,2.1538,4.6905,3.6086,0.0003,0.0,False
Neukölln,Neukölln,residents,Any mode,1.4,27274,331623.0,0,3.0473,2.0,4.3554,3.3508,0.0001,0.0,False
Pankow,Pankow,residents,S-Bahn,1.0,39131,428900.0,0,21.6835,14.2333,32.3263,24.9094,0.7263,0.2843,False
Pankow,Pankow,residents,S-Bahn,1.3,39131,428900.0,0,16.6797,10.9487,24.8664,19.1611,0.5754,0.1745,False
Pankow,Pankow,residents,S-Bahn,1.4,39131,428900.0,0,15.4882,10.1667,23.0902,17.7924,0.5206,0.1408,False
Pankow,Pankow,residents,U-Bahn,1.0,39131,428900.0,0,32.3725,15.5981,58.598,46.5396,0.7612,0.5301,False
Pankow,Pankow,residents,U-Bahn,1.3,39131,428900.0,0,24.9019,11.9986,45.0754,35.7997,0.6708,0.4283,False
Pankow,Pankow,residents,U-Bahn,1.4,39131,428900.0,0,23.1232,11.1415,41.8557,33.2426,0.6402,0.4028,False
Pankow,Pankow,residents,Tram,1.0,39131,428900.0,0,7.433,4.6232,13.5557,16.2386,0.2211,0.111,False
Pankow,Pankow,residents,Tram,1.3,39131,428900.0,0,5.7177,3.5563,10.4274,12.4913,0.1578,0.0992,False
Pankow,Pankow,residents,Tram,1.4,39131,428900.0,0,5.3093,3.3023,9.6826,11.599,0.1439,0.097,False
Pankow,Pankow,residents,Bus,1.0,39131,428900.0,0,5.6886,3.6216,8.7111,6.549,0.0418,0.0,False
Pankow,Pankow,residents,Bus,1.3,39131,428900.0,0,4.3758,2.7859,6.7009,5.0377,0.0052,0.0,False
Pankow,Pankow,residents,Bus,1.4,39131,428900.0,0,4.0633,2.5869,6.2222,4.6779,0.0032,0.0,False
Pankow,Pankow,residents,Regionalbahn,1.0,39131,428900.0,0,56.0042,44.2951,72.045,58.1873,0.9947,0.9286,False
Pankow,Pankow,residents,Regionalbahn,1.3,39131,428900.0,0,43.0802,34.0732,55.4193,44.7594,0.9846,0.842,False
Pankow,Pankow,residents,Regionalbahn,1.4,39131,428900.0,0,40.003,31.6394,51.4607,41.5623,0.9794,0.7969,False
Pankow,Pankow,residents,S- or U-Bahn,1.0,39131,428900.0,0,18.4695,11.3196,32.0142,22.8813,0.5998,0.2765,False
Pankow,Pankow,residents,S- or U-Bahn,1.3,39131,428900.0,0,14.2073,8.7074,24.6263,17.601,0.4693,0.1721,False
Pankow,Pankow,residents,S- or U-Bahn,1.4,39131,428900.0,0,13.1925,8.0854,22.8673,16.3438,0.4308,0.1397,False
Pankow,Pankow,residents,Any mode,1.0,39131,428900.0,0,4.5801,3.0419,6.4415,5.1104,0.0153,0.0,False
Pankow,Pankow,residents,Any mode,1.3,39131,428900.0,0,3.5231,2.3399,4.955,3.9311,0.0041,0.0,False
Pankow,Pankow,residents,Any mode,1.4,39131,428900.0,0,3.2715,2.1728,4.6011,3.6503,0.0027,0.0,False
Reinickendorf,Reinickendorf,residents,S-Bahn,1.0,35808,271755.0,0,21.8715,15.6351,30.3259,24.5987,0.773,0.2578,False
Reinickendorf,Reinickendorf,residents,S-Bahn,1.3,35808,271755.0,0,16.8242,12.027,23.3276,18.9221,0.5987,0.1026,False
Reinickendorf,Reinickendorf,residents,S-Bahn,1.4,35808,271755.0,0,15.6225,11.1679,21.6613,17.5705,0.5409,0.0808,False
Reinickendorf,Reinickendorf,residents,U-Bahn,1.0,35808,271755.0,0,32.4658,16.841,56.7461,43.8209,0.7853,0.5328,False
Reinickendorf,Reinickendorf,residents,U-Bahn,1.3,35808,271755.0,0,24.9737,12.9546,43.6508,33.7084,0.6952,0.4014,False
Reinickendorf,Reinickendorf,residents,U-Bahn,1.4,35808,271755.0,0,23.1899,12.0293,40.5329,31.3006,0.6704,0.369,False
Reinickendorf,Reinickendorf,residents,Tram,1.0,35808,271755.0,0,62.7773,34.961,103.4934,75.1875,0.9767,0.7975,False
Reinickendorf,Reinickendorf,residents,Tram,1.3,35808,271755.0,0,48.2902,26.893,79.6103,57.8366,0.9189,0.7076,False
Reinickendorf,Reinickendorf,residents,Tram,1.4,35808,271755.0,0,44.8409,24.9721,73.9239,53.7054,0.9048,0.6882,False
Reinickendorf,Reinickendorf,residents,Bus,1.0,35808,271755.0,0,4.4639,2.9279,6.9382,5.3548,0.0217,0.0,False
Reinickendorf,Reinickendorf,residents,Bus,1.3,35808,271755.0,0,3.4338,2.2522,5.3371,4.1191,0.0063,0.0,False
Reinickendorf,Reinickendorf,residents,Bus,1.4,35808,271755.0,0,3.1885,2.0914,4.9559,3.8249,0.0046,0.0,False
Reinickendorf,Reinickendorf,residents,Regionalbahn,1.0,35808,271755.0,0,127.9022,99.7883,159.0209,132.5455,1.0,1.0,False
Reinickendorf,Reinickendorf,residents,Regionalbahn,1.3,35808,271755.0,0,98.3863,76.7602,122.3237,101.9581,1.0,0.9903,False
Reinickendorf,Reinickendorf,residents,Regionalbahn,1.4,35808,271755.0,0,91.3587,71.2773,113.5863,94.6754,1.0,0.9809,False
Reinickendorf,Reinickendorf,residents,S- or U-Bahn,1.0,35808,271755.0,0,17.6189,11.6186,27.0048,21.2892,0.6087,0.2078,False
Reinickendorf,Reinickendorf,residents,S- or U-Bahn,1.3,35808,271755.0,0,13.553,8.9374,20.7729,16.3763,0.432,0.0934,False
Reinickendorf,Reinickendorf,residents,S- or U-Bahn,1.4,35808,271755.0,0,12.585,8.299,19.2891,15.2065,0.3882,0.0754,False
Reinickendorf,Reinickendorf,residents,Any mode,1.0,35808,271755.0,0,4.4456,2.8977,6.8811,5.3243,0.0216,0.0,False
Reinickendorf,Reinickendorf,residents,Any mode,1.3,35808,271755.0,0,3.4197,2.229,5.2932,4.0956,0.0063,0.0,False
Reinickendorf,Reinickendorf,residents,Any mode,1.4,35808,271755.0,0,3.1754,2.0698,4.9151,3.8031,0.0046,0.0,False
Spandau,Spandau,residents,S-Bahn,1.0,30242,261266.0,0,52.5052,34.3837,66.1831,58.3431,0.9576,0.822,False
Spandau,Spandau,residents,S-Bahn,1.3,30242,261266.0,0,40.3886,26.449,50.9101,44.8793,0.9306,0.6843,False
Spandau,Spandau,residents,S-Bahn,1.4,30242,261266.0,0,37.5037,24.5598,47.2737,41.6736,0.9187,0.645,False
Spandau,Spandau,residents,U-Bahn,1.0,30242,261266.0,0,42.3842,24.5252,61.8097,51.2923,0.8837,0.6688,False
Spandau,Spandau,residents,U-Bahn,1.3,30242,261266.0,0,32.6032,18.8655,47.5459,39.4556,0.825,0.5413,False
Spandau,Spandau,residents,U-Bahn,1.4,30242,261266.0,0,30.2744,17.518,44.1498,36.6374,0.8012,0.504,False
Spandau,Spandau,residents,Tram,1.0,30242,261266.0,0,192.7442,174.1154,222.9633,198.6102,1.0,1.0,False
Spandau,Spandau,residents,Tram,1.3,30242,261266.0,0,148.2647,133.9349,171.5103,152.7771,1.0,1.0,False
Spandau,Spandau,residents,Tram,1.4,30242,261266.0,0,137.6744,124.3681,159.2595,141.8644,1.0,1.0,False
Spandau,Spandau,residents,Bus,1.0,30242,261266.0,0,4.6006,3.0333,6.9225,5.4321,0.0219,0.0015,False
Spandau,Spandau,residents,Bus,1.3,30242,261266.0,0,3.5389,2.3333,5.325,4.1785,0.0069,0.0001,False
Spandau,Spandau,residents,Bus,1.4,30242,261266.0,0,3.2861,2.1667,4.9446,3.8801,0.005,0.0,False
Spandau,Spandau,residents,Regionalbahn,1.0,30242,261266.0,0,47.9628,32.9465,61.7522,54.8783,0.9546,0.8058,False
Spandau,Spandau,residents,Regionalbahn,1.3,30242,261266.0,0,36.8945,25.3435,47.5017,42.2141,0.9234,0.6393,False
Spandau,Spandau,residents,Regionalbahn,1.4,30242,261266.0,0,34.2591,23.5332,44.1087,39.1988,0.9104,0.5983,False
Spandau,Spandau,residents,S- or U-Bahn,1.0,30242,261266.0,0,41.5276,23.5463,60.3824,50.3229,0.8761,0.6552,False
Spandau,Spandau,residents,S- or U-Bahn,1.3,30242,261266.0,0,31.9443,18.1126,46.448,38.7099,0.8127,0.5331,False
Spandau,Spandau,residents,S- or U-Bahn,1.4,30242,261266.0,0,29.6626,16.8188,43.1303,35.9449,0.7878,0.4949,False
Spandau,Spandau,residents,Any mode,1.0,30242,261266.0,0,4.5878,3.032,6.9225,5.4241,0.0218,0.0015,False
Spandau,Spandau,residents,Any mode,1.3,30242,261266.0,0,3.529,2.3323,5.325,4.1724,0.0069,0.0001,False
Spandau,Spandau,residents,Any mode,1.4,30242,261266.0,0,3.277,2.1657,4.9446,3.8744,0.005,0.0,False
Steglitz-Zehlendorf,Steglitz-Zehlendorf,residents,S-Bahn,1.0,42696,309338.0,0,18.8807,12.8566,27.5018,21.0069,0.6586,0.2012,False
Steglitz-Zehlendorf,Steglitz-Zehlendorf,residents,S-Bahn,1.3,42696,309338.0,0,14.5236,9.8897,21.1552,16.1592,0.4752,0.075,False
Steglitz-Zehlendorf,Steglitz-Zehlendorf,residents,S-Bahn,1.4,42696,309338.0,0,13.4862,9.1833,19.6441,15.0049,0.4195,0.0489,False
Steglitz-Zehlendorf,Steglitz-Zehlendorf,residents,U-Bahn,1.0,42696,309338.0,0,39.3731,20.4141,60.9384,44.2991,0.8245,0.6283,False
Steglitz-Zehlendorf,Steglitz-Zehlendorf,residents,U-Bahn,1.3,42696,309338.0,0,30.287,15.7031,46.8757,34.0762,0.7617,0.5061,False
Steglitz-Zehlendorf,Steglitz-Zehlendorf,residents,U-Bahn,1.4,42696,309338.0,0,28.1236,14.5815,43.5274,31.6422,0.7429,0.4619,False
Steglitz-Zehlendorf,Steglitz-Zehlendorf,residents,Tram,1.0,42696,309338.0,0,181.8661,151.5808,203.6156,177.5106,0.9999,0.9994,False
Steglitz-Zehlendorf,Steglitz-Zehlendorf,residents,Tram,1.3,42696,309338.0,0,139.897,116.6006,156.6274,136.5466,0.9995,0.9993,False
Steglitz-Zehlendorf,Steglitz-Zehlendorf,residents,Tram,1.4,42696,309338.0,0,129.9044,108.272,145.4397,126.7933,0.9994,0.9993,False
Steglitz-Zehlendorf,Steglitz-Zehlendorf,residents,Bus,1.0,42696,309338.0,0,4.47,2.9248,6.4075,4.9936,0.0096,0.0015,False
Steglitz-Zehlendorf,Steglitz-Zehlendorf,residents,Bus,1.3,42696,309338.0,0,3.4385,2.2499,4.9288,3.8412,0.0041,0.0004,False
Steglitz-Zehlendorf,Steglitz-Zehlendorf,residents,Bus,1.4,42696,309338.0,0,3.1929,2.0892,4.5768,3.5668,0.0034,0.0,False
Steglitz-Zehlendorf,Steglitz-Zehlendorf,residents,Regionalbahn,1.0,42696,309338.0,0,53.8523,41.1226,72.9382,56.7058,0.9713,0.8682,False
Steglitz-Zehlendorf,Steglitz-Zehlendorf,residents,Regionalbahn,1.3,42696,309338.0,0,41.4248,31.6327,56.1063,43.6198,0.9465,0.7763,False
Steglitz-Zehlendorf,Steglitz-Zehlendorf,residents,Regionalbahn,1.4,42696,309338.0,0,38.4659,29.3733,52.0987,40.5041,0.9372,0.7368,False
Steglitz-Zehlendorf,Steglitz-Zehlendorf,residents,S- or U-Bahn,1.0,42696,309338.0,0,16.3547,11.0917,24.0838,18.5646,0.5617,0.1425,False
Steglitz-Zehlendorf,Steglitz-Zehlendorf,residents,S- or U-Bahn,1.3,42696,309338.0,0,12.5805,8.5321,18.526,14.2804,0.3787,0.0497,False
Steglitz-Zehlendorf,Steglitz-Zehlendorf,residents,S- or U-Bahn,1.4,42696,309338.0,0,11.6819,7.9226,17.2027,13.2604,0.3257,0.0316,False
Steglitz-Zehlendorf,Steglitz-Zehlendorf,residents,Any mode,1.0,42696,309338.0,0,4.4547,2.9074,6.3877,4.9734,0.0096,0.0015,False
Steglitz-Zehlendorf,Steglitz-Zehlendorf,residents,Any mode,1.3,42696,309338.0,0,3.4267,2.2365,4.9136,3.8257,0.0041,0.0004,False
Steglitz-Zehlendorf,Steglitz-Zehlendorf,residents,Any mode,1.4,42696,309338.0,0,3.1819,2.0767,4.5626,3.5524,0.0034,0.0,False
Tempelhof-Schöneberg,Tempelhof-Schöneberg,residents,S-Bahn,1.0,29948,358835.0,0,21.5443,12.5926,30.6103,22.8741,0.6798,0.2645,False
Tempelhof-Schöneberg,Tempelhof-Schöneberg,residents,S-Bahn,1.3,29948,358835.0,0,16.5726,9.6866,23.5464,17.5955,0.5504,0.1154,False
Tempelhof-Schöneberg,Tempelhof-Schöneberg,residents,S-Bahn,1.4,29948,358835.0,0,15.3888,8.9947,21.8645,16.3387,0.5134,0.0809,False
Tempelhof-Schöneberg,Tempelhof-Schöneberg,residents,U-Bahn,1.0,29948,358835.0,0,14.233,7.7366,37.5047,29.4427,0.482,0.2796,False
Tempelhof-Schöneberg,Tempelhof-Schöneberg,residents,U-Bahn,1.3,29948,358835.0,0,10.9484,5.9512,28.8498,22.6482,0.3958,0.2458,False
Tempelhof-Schöneberg,Tempelhof-Schöneberg,residents,U-Bahn,1.4,29948,358835.0,0,10.1664,5.5261,26.7891,21.0305,0.3674,0.2354,False
Tempelhof-Schöneberg,Tempelhof-Schöneberg,residents,Tram,1.0,29948,358835.0,0,118.2876,83.7581,153.4666,121.4873,1.0,1.0,False
Tempelhof-Schöneberg,Tempelhof-Schöneberg,residents,Tram,1.3,29948,358835.0,0,90.9905,64.4293,118.0513,93.4518,1.0,1.0,False
Tempelhof-Schöneberg,Tempelhof-Schöneberg,residents,Tram,1.4,29948,358835.0,0,84.4911,59.8272,109.619,86.7766,1.0,1.0,False
Tempelhof-Schöneberg,Tempelhof-Schöneberg,residents,Bus,1.0,29948,358835.0,0,4.2416,2.8273,5.959,4.6788,0.0059,0.0,False
Tempelhof-Schöneberg,Tempelhof-Schöneberg,residents,Bus,1.3,29948,358835.0,0,3.2627,2.1748,4.5839,3.5991,0.0004,0.0,False
Tempelhof-Schöneberg,Tempelhof-Schöneberg,residents,Bus,1.4,29948,358835.0,0,3.0297,2.0195,4.2565,3.342,0.0002,0.0,False
Tempelhof-Schöneberg,Tempelhof-Schöneberg,residents,Regionalbahn,1.0,29948,358835.0,0,48.8108,36.0182,75.5806,61.0701,0.975,0.8513,False
Tempelhof-Schöneberg,Tempelhof-Schöneberg,residents,Regionalbahn,1.3,29948,358835.0,0,37.5467,27.7063,58.1389,46.977,0.9583,0.6992,False
Tempelhof-Schöneberg,Tempelhof-Schöneberg,residents,Regionalbahn,1.4,29948,358835.0,0,34.8648,25.7273,53.9862,43.6215,0.9487,0.6381,False
Tempelhof-Schöneberg,Tempelhof-Schöneberg,residents,S- or U-Bahn,1.0,29948,358835.0,0,10.991,7.012,19.6633,14.9677,0.3581,0.1248,False
Tempelhof-Schöneberg,Tempelhof-Schöneberg,residents,S- or U-Bahn,1.3,29948,358835.0,0,8.4546,5.3938,15.1256,11.5136,0.2534,0.0536,False
Tempelhof-Schöneberg,Tempelhof-Schöneberg,residents,S- or U-Bahn,1.4,29948,358835.0,0,7.8507,5.0086,14.0452,10.6912,0.2292,0.0297,False
Tempelhof-Schöneberg,Tempelhof-Schöneberg,residents,Any mode,1.0,29948,358835.0,0,4.1531,2.7733,5.8499,4.6019,0.0059,0.0,False
Tempelhof-Schöneberg,Tempelhof-Schöneberg,residents,Any mode,1.3,29948,358835.0,0,3.1947,2.1333,4.4999,3.5399,0.0004,0.0,False
Tempelhof-Schöneberg,Tempelhof-Schöneberg,residents,Any mode,1.4,29948,358835.0,0,2.9665,1.981,4.1785,3.2871,0.0002,0.0,False
Treptow-Köpenick,Treptow-Köpenick,residents,S-Bahn,1.0,39377,302686.0,0,23.0286,14.9191,33.2436,27.1326,0.7464,0.3205,False
Treptow-Köpenick,Treptow-Köpenick,residents,S-Bahn,1.3,39377,302686.0,0,17.7143,11.4762,25.572,20.8712,0.604,0.153,False
Treptow-Köpenick,Treptow-Köpenick,residents,S-Bahn,1.4,39377,302686.0,0,16.449,10.6565,23.7454,19.3804,0.5586,0.1215,False
Treptow-Köpenick,Treptow-Köpenick,residents,U-Bahn,1.0,39377,302686.0,0,86.2414,63.0211,125.3852,100.5314,1.0,0.9685,False
Treptow-Köpenick,Treptow-Köpenick,residents,U-Bahn,1.3,39377,302686.0,0,66.3396,48.4778,96.4501,77.3319,0.9996,0.9433,False
Treptow-Köpenick,Treptow-Köpenick,residents,U-Bahn,1.4,39377,302686.0,0,61.601,45.0151,89.5608,71.8082,0.9988,0.9337,False
Treptow-Köpenick,Treptow-Köpenick,residents,Tram,1.0,39377,302686.0,0,12.523,5.9178,36.8861,22.3775,0.4556,0.3224,False
Treptow-Köpenick,Treptow-Köpenick,residents,Tram,1.3,39377,302686.0,0,9.6331,4.5521,28.3739,17.2135,0.4003,0.2177,False
Treptow-Köpenick,Treptow-Köpenick,residents,Tram,1.4,39377,302686.0,0,8.945,4.227,26.3472,15.9839,0.3882,0.1825,False
Treptow-Köpenick,Treptow-Köpenick,residents,Bus,1.0,39377,302686.0,0,4.8918,3.2159,7.3702,5.9199,0.0416,0.0012,False
Treptow-Köpenick,Treptow-Köpenick,residents,Bus,1.3,39377,302686.0,0,3.7629,2.4737,5.6694,4.5538,0.0115,0.0002,False
Treptow-Köpenick,Treptow-Köpenick,residents,Bus,1.4,39377,302686.0,0,3.4941,2.297,5.2644,4.2285,0.0088,0.0002,False
Treptow-Köpenick,Treptow-Köpenick,residents,Regionalbahn,1.0,39377,302686.0,0,81.1426,41.9094,112.1956,79.9946,0.9716,0.8725,False
Treptow-Köpenick,Treptow-Köpenick,residents,Regionalbahn,1.3,39377,302686.0,0,62.4174,32.238,86.3043,61.5343,0.9515,0.7892,False
Treptow-Köpenick,Treptow-Köpenick,residents,Regionalbahn,1.4,39377,302686.0,0,57.959,29.9353,80.1397,57.139,0.9445,0.749,False
Treptow-Köpenick,Treptow-Köpenick,residents,S- or U-Bahn,1.0,39377,302686.0,0,22.8609,14.9191,33.1172,27.0163,0.7464,0.3165,False
Treptow-Köpenick,Treptow-Köpenick,residents,S- or U-Bahn,1.3,39377,302686.0,0,17.5853,11.4762,25.4748,20.7818,0.6037,0.1487,False
Treptow-Köpenick,Treptow-Köpenick,residents,S- or U-Bahn,1.4,39377,302686.0,0,16.3292,10.6565,23.6551,19.2974,0.5576,0.1185,False
Treptow-Köpenick,Treptow-Köpenick,residents,Any mode,1.0,39377,302686.0,0,4.7819,3.1164,7.0507,5.6577,0.0322,0.0008,False
Treptow-Köpenick,Treptow-Köpenick,residents,Any mode,1.3,39377,302686.0,0,3.6784,2.3972,5.4236,4.3521,0.0068,0.0002,False
Treptow-Köpenick,Treptow-Köpenick,residents,Any mode,1.4,39377,302686.0,0,3.4156,2.226,5.0362,4.0412,0.0047,0.0002,False
Berlin,Berlin,residents_65plus,S-Bahn,1.0,331872,747667.0,0,22.7911,14.8429,35.8211,28.9069,0.745,0.337,False
Berlin,Berlin,residents_65plus,S-Bahn,1.3,331872,747667.0,0,17.5316,11.4176,27.5547,22.2361,0.5962,0.2137,False
Berlin,Berlin,residents_65plus,S-Bahn,1.4,331872,747667.0,0,16.2793,10.6021,25.5865,20.6478,0.5497,0.1848,False
Berlin,Berlin,residents_65plus,U-Bahn,1.0,331872,747667.0,0,27.116,11.0006,60.3877,42.9292,0.6555,0.4729,False
Berlin,Berlin,residents_65plus,U-Bahn,1.3,331872,747667.0,0,20.8585,8.462,46.4521,33.0225,0.5828,0.3995,False
Berlin,Berlin,residents_65plus,U-Bahn,1.4,331872,747667.0,0,19.3686,7.8576,43.1341,30.6637,0.5635,0.377,False
Berlin,Berlin,residents_65plus,Tram,1.0,331872,747667.0,0,56.8491,12.9978,126.2997,77.4327,0.7254,0.6259,False
Berlin,Berlin,residents_65plus,Tram,1.3,331872,747667.0,0,43.7301,9.9983,97.1536,59.5636,0.683,0.5865,False
Berlin,Berlin,residents_65plus,Tram,1.4,331872,747667.0,0,40.6065,9.2842,90.2141,55.3091,0.672,0.5741,False
Berlin,Berlin,residents_65plus,Bus,1.0,331872,747667.0,0,4.7129,3.1071,6.7952,5.3504,0.0158,0.0004,False
Berlin,Berlin,residents_65plus,Bus,1.3,331872,747667.0,0,3.6253,2.3901,5.2271,4.1157,0.004,0.0001,False
Berlin,Berlin,residents_65plus,Bus,1.4,331872,747667.0,0,3.3663,2.2194,4.8537,3.8217,0.0029,0.0,False
Berlin,Berlin,residents_65plus,Regionalbahn,1.0,331872,747667.0,0,54.3089,35.777,81.5075,64.5537,0.957,0.8156,False
Berlin,Berlin,residents_65plus,Regionalbahn,1.3,331872,747667.0,0,41.7761,27.5208,62.698,49.6567,0.9232,0.7098,False
Berlin,Berlin,residents_65plus,Regionalbahn,1.4,331872,747667.0,0,38.7921,25.555,58.2196,46.1098,0.9103,0.6708,False
Berlin,Berlin,residents_65plus,S- or U-Bahn,1.0,331872,747667.0,0,15.1153,9.1754,26.771,21.1752,0.5043,0.2085,False
Berlin,Berlin,residents_65plus,S- or U-Bahn,1.3,331872,747667.0,0,11.6271,7.058,20.5931,16.2886,0.3769,0.1208,False
Berlin,Berlin,residents_65plus,S- or U-Bahn,1.4,331872,747667.0,0,10.7966,6.5538,19.1221,15.1251,0.3442,0.1007,False
Berlin,Berlin,residents_65plus,Any mode,1.0,331872,747667.0,0,4.5152,2.9992,6.4455,5.0803,0.0126,0.0004,False
Berlin,Berlin,residents_65plus,Any mode,1.3,331872,747667.0,0,3.4732,2.3071,4.9581,3.9079,0.0033,0.0001,False
Berlin,Berlin,residents_65plus,Any mode,1.4,331872,747667.0,0,3.2251,2.1423,4.6039,3.6288,0.0023,0.0,False
Charlottenburg-Wilmersdorf,Charlottenburg-Wilmersdorf,residents_65plus,S-Bahn,1.0,17250,79712.0,0,18.1007,12.5776,23.907,18.5464,0.6358,0.078,False
Charlottenburg-Wilmersdorf,Charlottenburg-Wilmersdorf,residents_65plus,S-Bahn,1.3,17250,79712.0,0,13.9236,9.6751,18.39,14.2665,0.4345,0.0095,False
Charlottenburg-Wilmersdorf,Charlottenburg-Wilmersdorf,residents_65plus,S-Bahn,1.4,17250,79712.0,0,12.9291,8.984,17.0765,13.2474,0.374,0.0052,False
Charlottenburg-Wilmersdorf,Charlottenburg-Wilmersdorf,residents_65plus,U-Bahn,1.0,17250,79712.0,0,10.4783,6.9054,17.4828,14.3083,0.3161,0.1035,False
Charlottenburg-Wilmersdorf,Charlottenburg-Wilmersdorf,residents_65plus,U-Bahn,1.3,17250,79712.0,0,8.0602,5.3119,13.4483,11.0064,0.2137,0.0549,False
Charlottenburg-Wilmersdorf,Charlottenburg-Wilmersdorf,residents_65plus,U-Bahn,1.4,17250,79712.0,0,7.4845,4.9325,12.4877,10.2202,0.1943,0.0403,False
Charlottenburg-Wilmersdorf,Charlottenburg-Wilmersdorf,residents_65plus,Tram,1.0,17250,79712.0,0,80.0094,64.0761,105.1608,84.8304,1.0,0.9938,False
Charlottenburg-Wilmersdorf,Charlottenburg-Wilmersdorf,residents_65plus,Tram,1.3,17250,79712.0,0,61.5457,49.2893,80.8929,65.2542,0.9998,0.9734,False
Charlottenburg-Wilmersdorf,Charlottenburg-Wilmersdorf,residents_65plus,Tram,1.4,17250,79712.0,0,57.1496,45.7686,75.1148,60.5932,0.9997,0.9654,False
Charlottenburg-Wilmersdorf,Charlottenburg-Wilmersdorf,residents_65plus,Bus,1.0,17250,79712.0,0,4.3648,2.9083,6.0419,4.7521,0.006,0.0002,False
Charlottenburg-Wilmersdorf,Charlottenburg-Wilmersdorf,residents_65plus,Bus,1.3,17250,79712.0,0,3.3576,2.2372,4.6476,3.6555,0.0017,0.0,False
Charlottenburg-Wilmersdorf,Charlottenburg-Wilmersdorf,residents_65plus,Bus,1.4,17250,79712.0,0,3.1177,2.0774,4.3156,3.3943,0.0011,0.0,False
Charlottenburg-Wilmersdorf,Charlottenburg-Wilmersdorf,residents_65plus,Regionalbahn,1.0,17250,79712.0,0,36.9874,23.8002,53.2507,39.4804,0.9021,0.6145,False
Charlottenburg-Wilmersdorf,Charlottenburg-Wilmersdorf,residents_65plus,Regionalbahn,1.3,17250,79712.0,0,28.4518,18.3078,40.9621,30.3695,0.8301,0.4732,False
Charlottenburg-Wilmersdorf,Charlottenburg-Wilmersdorf,residents_65plus,Regionalbahn,1.4,17250,79712.0,0,26.4196,17.0001,38.0362,28.2003,0.8044,0.4364,False
Charlottenburg-Wilmersdorf,Charlottenburg-Wilmersdorf,residents_65plus,S- or U-Bahn,1.0,17250,79712.0,0,9.3207,6.5075,13.3505,10.7439,0.184,0.0137,False
Charlottenburg-Wilmersdorf,Charlottenburg-Wilmersdorf,residents_65plus,S- or U-Bahn,1.3,17250,79712.0,0,7.1698,5.0057,10.2696,8.2645,0.0961,0.0003,False
Charlottenburg-Wilmersdorf,Charlottenburg-Wilmersdorf,residents_65plus,S- or U-Bahn,1.4,17250,79712.0,0,6.6577,4.6482,9.5361,7.6742,0.0806,0.0003,False
Charlottenburg-Wilmersdorf,Charlottenburg-Wilmersdorf,residents_65plus,Any mode,1.0,17250,79712.0,0,4.2579,2.828,5.8862,4.6284,0.0046,0.0002,False
Charlottenburg-Wilmersdorf,Charlottenburg-Wilmersdorf,residents_65plus,Any mode,1.3,17250,79712.0,0,3.2753,2.1754,4.5278,3.5603,0.0014,0.0,False
Charlottenburg-Wilmersdorf,Charlottenburg-Wilmersdorf,residents_65plus,Any mode,1.4,17250,79712.0,0,3.0414,2.02,4.2044,3.306,0.0009,0.0,False
Friedrichshain-Kreuzberg,Friedrichshain-Kreuzberg,residents_65plus,S-Bahn,1.0,9564,33171.0,0,23.2491,16.0527,31.9697,24.5533,0.787,0.2939,False
Friedrichshain-Kreuzberg,Friedrichshain-Kreuzberg,residents_65plus,S-Bahn,1.3,9564,33171.0,0,17.884,12.3482,24.592,18.8872,0.6243,0.1136,False
Friedrichshain-Kreuzberg,Friedrichshain-Kreuzberg,residents_65plus,S-Bahn,1.4,9564,33171.0,0,16.6065,11.4662,22.8355,17.5381,0.5679,0.0763,False
Friedrichshain-Kreuzberg,Friedrichshain-Kreuzberg,residents_65plus,U-Bahn,1.0,9564,33171.0,0,9.4535,6.6975,12.6624,10.3641,0.1478,0.0188,False
Friedrichshain-Kreuzberg,Friedrichshain-Kreuzberg,residents_65plus,U-Bahn,1.3,9564,33171.0,0,7.2719,5.1519,9.7403,7.9724,0.0523,0.0059,False
Friedrichshain-Kreuzberg,Friedrichshain-Kreuzberg,residents_65plus,U-Bahn,1.4,9564,33171.0,0,6.7525,4.7839,9.0446,7.403,0.0377,0.0031,False
Friedrichshain-Kreuzberg,Friedrichshain-Kreuzberg,residents_65plus,Tram,1.0,9564,33171.0,0,31.1179,9.5428,49.5357,31.4254,0.6979,0.5152,False
Friedrichshain-Kreuzberg,Friedrichshain-Kreuzberg,residents_65plus,Tram,1.3,9564,33171.0,0,23.9368,7.3406,38.1044,24.1734,0.6419,0.3925,False
Friedrichshain-Kreuzberg,Friedrichshain-Kreuzberg,residents_65plus,Tram,1.4,9564,33171.0,0,22.227,6.8163,35.3826,22.4467,0.6207,0.3484,False
Friedrichshain-Kreuzberg,Friedrichshain-Kreuzberg,residents_65plus,Bus,1.0,9564,33171.0,0,4.3511,2.8771,6.2265,4.75,0.0,0.0,False
Friedrichshain-Kreuzberg,Friedrichshain-Kreuzberg,residents_65plus,Bus,1.3,9564,33171.0,0,3.347,2.2131,4.7896,3.6539,0.0,0.0,False
Friedrichshain-Kreuzberg,Friedrichshain-Kreuzberg,residents_65plus,Bus,1.4,9564,33171.0,0,3.1079,2.0551,4.4475,3.3929,0.0,0.0,False
Friedrichshain-Kreuzberg,Friedrichshain-Kreuzberg,residents_65plus,Regionalbahn,1.0,9564,33171.0,0,33.3697,23.9993,41.3437,32.624,0.9193,0.5946,False
Friedrichshain-Kreuzberg,Friedrichshain-Kreuzberg,residents_65plus,Regionalbahn,1.3,9564,33171.0,0,25.669,18.461,31.8028,25.0954,0.8537,0.3181,False
Friedrichshain-Kreuzberg,Friedrichshain-Kreuzberg,residents_65plus,Regionalbahn,1.4,9564,33171.0,0,23.8355,17.1424,29.5312,23.3029,0.8183,0.2303,False
Friedrichshain-Kreuzberg,Friedrichshain-Kreuzberg,residents_65plus,S- or U-Bahn,1.0,9564,33171.0,0,9.1824,6.5511,11.8594,9.4224,0.0959,0.0001,False
Friedrichshain-Kreuzberg,Friedrichshain-Kreuzberg,residents_65plus,S- or U-Bahn,1.3,9564,33171.0,0,7.0634,5.0393,9.1226,7.248,0.0127,0.0,False
Friedrichshain-Kreuzberg,Friedrichshain-Kreuzberg,residents_65plus,S- or U-Bahn,1.4,9564,33171.0,0,6.5589,4.6793,8.471,6.7303,0.0062,0.0,False
Friedrichshain-Kreuzberg,Friedrichshain-Kreuzberg,residents_65plus,Any mode,1.0,9564,33171.0,0,3.9523,2.6702,5.3944,4.1607,0.0,0.0,False
Friedrichshain-Kreuzberg,Friedrichshain-Kreuzberg,residents_65plus,Any mode,1.3,9564,33171.0,0,3.0403,2.054,4.1495,3.2005,0.0,0.0,False
Friedrichshain-Kreuzberg,Friedrichshain-Kreuzberg,residents_65plus,Any mode,1.4,9564,33171.0,0,2.8231,1.9073,3.8531,2.9719,0.0,0.0,False
Lichtenberg,Lichtenberg,residents_65plus,S-Bahn,1.0,13921,59778.0,0,18.5445,13.4481,28.4249,22.4961,0.6759,0.2277,False
Lichtenberg,Lichtenberg,residents_65plus,S-Bahn,1.3,13921,59778.0,0,14.265,10.3447,21.8653,17.3047,0.4659,0.1363,False
Lichtenberg,Lichtenberg,residents_65plus,S-Bahn,1.4,13921,59778.0,0,13.2461,9.6058,20.3035,16.0687,0.412,0.1121,False
Lichtenberg,Lichtenberg,residents_65plus,U-Bahn,1.0,13921,59778.0,0,36.2484,18.2743,97.1596,53.6346,0.8053,0.5716,False
Lichtenberg,Lichtenberg,residents_65plus,U-Bahn,1.3,13921,59778.0,0,27.8834,14.0572,74.7381,41.2574,0.7296,0.4754,False
Lichtenberg,Lichtenberg,residents_65plus,U-Bahn,1.4,13921,59778.0,0,25.8917,13.0531,69.3997,38.3104,0.7058,0.4495,False
Lichtenberg,Lichtenberg,residents_65plus,Tram,1.0,13921,59778.0,0,8.1647,5.2912,13.9589,10.3398,0.2196,0.0173,False
Lichtenberg,Lichtenberg,residents_65plus,Tram,1.3,13921,59778.0,0,6.2805,4.0701,10.7377,7.9537,0.1212,0.0019,False
Lichtenberg,Lichtenberg,residents_65plus,Tram,1.4,13921,59778.0,0,5.8319,3.7794,9.9707,7.3856,0.0949,0.0014,False
Lichtenberg,Lichtenberg,residents_65plus,Bus,1.0,13921,59778.0,0,5.1465,3.4779,7.3393,5.7875,0.0167,0.0001,False
Lichtenberg,Lichtenberg,residents_65plus,Bus,1.3,13921,59778.0,0,3.9588,2.6753,5.6456,4.4519,0.0029,0.0,False
Lichtenberg,Lichtenberg,residents_65plus,Bus,1.4,13921,59778.0,0,3.6761,2.4842,5.2423,4.134,0.0017,0.0,False
Lichtenberg,Lichtenberg,residents_65plus,Regionalbahn,1.0,13921,59778.0,0,36.0027,21.1169,55.8595,37.9138,0.8792,0.56,False
Lichtenberg,Lichtenberg,residents_65plus,Regionalbahn,1.3,13921,59778.0,0,27.6944,16.2438,42.9688,29.1645,0.7796,0.4727,False
Lichtenberg,Lichtenberg,residents_65plus,Regionalbahn,1.4,13921,59778.0,0,25.7162,15.0835,39.8996,27.0813,0.7521,0.4446,False
Lichtenberg,Lichtenberg,residents_65plus,S- or U-Bahn,1.0,13921,59778.0,0,15.8304,10.957,25.3365,20.1638,0.5382,0.1933,False
Lichtenberg,Lichtenberg,residents_65plus,S- or U-Bahn,1.3,13921,59778.0,0,12.1773,8.4285,19.4896,15.5106,0.3562,0.1292,False
Lichtenberg,Lichtenberg,residents_65plus,S- or U-Bahn,1.4,13921,59778.0,0,11.3075,7.8265,18.0975,14.4027,0.3187,0.1083,False
Lichtenberg,Lichtenberg,residents_65plus,Any mode,1.0,13921,59778.0,0,4.6247,3.1928,6.3547,5.029,0.007,0.0,False
Lichtenberg,Lichtenberg,residents_65plus,Any mode,1.3,13921,59778.0,0,3.5575,2.456,4.8882,3.8684,0.0017,0.0,False
Lichtenberg,Lichtenberg,residents_65plus,Any mode,1.4,13921,59778.0,0,3.3033,2.2805,4.539,3.5921,0.0011,0.0,False
Marzahn-Hellersdorf,Marzahn-Hellersdorf,residents_65plus,S-Bahn,1.0,32525,65849.0,0,24.6781,15.6894,39.5301,28.8444,0.7699,0.4058,False
Marzahn-Hellersdorf,Marzahn-Hellersdorf,residents_65plus,S-Bahn,1.3,32525,65849.0,0,18.9831,12.0688,30.4078,22.188,0.6415,0.2571,False
Marzahn-Hellersdorf,Marzahn-Hellersdorf,residents_65plus,S-Bahn,1.4,32525,65849.0,0,17.6272,11.2067,28.2358,20.6032,0.5974,0.2195,False
Marzahn-Hellersdorf,Marzahn-Hellersdorf,residents_65plus,U-Bahn,1.0,32525,65849.0,0,45.4931,20.4235,65.3864,44.5919,0.807,0.6563,False
Marzahn-Hellersdorf,Marzahn-Hellersdorf,residents_65plus,U-Bahn,1.3,32525,65849.0,0,34.9947,15.7104,50.2972,34.3015,0.7604,0.5751,False
Marzahn-Hellersdorf,Marzahn-Hellersdorf,residents_65plus,U-Bahn,1.4,32525,65849.0,0,32.4951,14.5882,46.7046,31.8513,0.7433,0.5451,False
Marzahn-Hellersdorf,Marzahn-Hellersdorf,residents_65plus,Tram,1.0,32525,65849.0,0,11.9256,6.9024,26.7344,17.5968,0.4054,0.2144,False
Marzahn-Hellersdorf,Marzahn-Hellersdorf,residents_65plus,Tram,1.3,32525,65849.0,0,9.1735,5.3096,20.5649,13.536,0.324,0.1155,False
Marzahn-Hellersdorf,Marzahn-Hellersdorf,residents_65plus,Tram,1.4,32525,65849.0,0,8.5183,4.9303,19.096,12.5691,0.3069,0.0881,False
Marzahn-Hellersdorf,Marzahn-Hellersdorf,residents_65plus,Bus,1.0,32525,65849.0,0,5.6193,3.7924,7.5647,5.9186,0.0077,0.0,False
Marzahn-Hellersdorf,Marzahn-Hellersdorf,residents_65plus,Bus,1.3,32525,65849.0,0,4.3226,2.9172,5.819,4.5527,0.0004,0.0,False
Marzahn-Hellersdorf,Marzahn-Hellersdorf,residents_65plus,Bus,1.4,32525,65849.0,0,4.0138,2.7089,5.4034,4.2275,0.0001,0.0,False
Marzahn-Hellersdorf,Marzahn-Hellersdorf,residents_65plus,Regionalbahn,1.0,32525,65849.0,0,55.3247,40.0617,71.7706,54.6063,0.9528,0.8532,False
Marzahn-Hellersdorf,Marzahn-Hellersdorf,residents_65plus,Regionalbahn,1.3,32525,65849.0,0,42.5575,30.8167,55.2081,42.0048,0.9254,0.7663,False
Marzahn-Hellersdorf,Marzahn-Hellersdorf,residents_65plus,Regionalbahn,1.4,32525,65849.0,0,39.5177,28.6155,51.2647,39.0045,0.9124,0.7206,False
Marzahn-Hellersdorf,Marzahn-Hellersdorf,residents_65plus,S- or U-Bahn,1.0,32525,65849.0,0,17.5943,11.7935,27.4232,20.674,0.5959,0.2058,False
Marzahn-Hellersdorf,Marzahn-Hellersdorf,residents_65plus,S- or U-Bahn,1.3,32525,65849.0,0,13.5341,9.0719,21.0948,15.9031,0.4496,0.0767,False
Marzahn-Hellersdorf,Marzahn-Hellersdorf,residents_65plus,S- or U-Bahn,1.4,32525,65849.0,0,12.5674,8.4239,19.588,14.7671,0.4018,0.0589,False
Marzahn-Hellersdorf,Marzahn-Hellersdorf,residents_65plus,Any mode,1.0,32525,65849.0,0,5.3435,3.6108,7.145,5.6039,0.006,0.0,False
Marzahn-Hellersdorf,Marzahn-Hellersdorf,residents_65plus,Any mode,1.3,32525,65849.0,0,4.1104,2.7775,5.4961,4.3107,0.0001,0.0,False
Marzahn-Hellersdorf,Marzahn-Hellersdorf,residents_65plus,Any mode,1.4,32525,65849.0,0,3.8168,2.5791,5.1035,4.0028,0.0,0.0,False
Mitte,Mitte,residents_65plus,S-Bahn,1.0,14136,52447.0,0,17.0941,11.8337,22.9078,18.8283,0.6053,0.1212,False
Mitte,Mitte,residents_65plus,S-Bahn,1.3,14136,52447.0,0,13.1493,9.1028,17.6214,14.4833,0.3833,0.0646,False
Mitte,Mitte,residents_65plus,S-Bahn,1.4,14136,52447.0,0,12.2101,8.4526,16.3627,13.4488,0.3186,0.0392,False
Mitte,Mitte,residents_65plus,U-Bahn,1.0,14136,52447.0,0,9.2614,6.2759,13.1062,10.1941,0.1728,0.0057,False
Mitte,Mitte,residents_65plus,U-Bahn,1.3,14136,52447.0,0,7.1242,4.8276,10.0817,7.8416,0.0529,0.0024,False
Mitte,Mitte,residents_65plus,U-Bahn,1.4,14136,52447.0,0,6.6153,4.4828,9.3616,7.2815,0.039,0.0003,False
Mitte,Mitte,residents_65plus,Tram,1.0,14136,52447.0,0,13.2839,7.7835,20.9411,16.0092,0.4378,0.1094,False
Mitte,Mitte,residents_65plus,Tram,1.3,14136,52447.0,0,10.2184,5.9873,16.1086,12.3148,0.2898,0.0533,False
Mitte,Mitte,residents_65plus,Tram,1.4,14136,52447.0,0,9.4885,5.5596,14.9579,11.4351,0.2478,0.0433,False
Mitte,Mitte,residents_65plus,Bus,1.0,14136,52447.0,0,4.1808,2.8638,5.8014,4.5286,0.0039,0.0,False
Mitte,Mitte,residents_65plus,Bus,1.3,14136,52447.0,0,3.216,2.2029,4.4626,3.4835,0.0014,0.0,False
Mitte,Mitte,residents_65plus,Bus,1.4,14136,52447.0,0,2.9863,2.0456,4.1439,3.2347,0.0006,0.0,False
Mitte,Mitte,residents_65plus,Regionalbahn,1.0,14136,52447.0,0,34.7724,25.218,43.9046,36.0295,0.9369,0.6309,False
Mitte,Mitte,residents_65plus,Regionalbahn,1.3,14136,52447.0,0,26.748,19.3985,33.7728,27.715,0.8689,0.3775,False
Mitte,Mitte,residents_65plus,Regionalbahn,1.4,14136,52447.0,0,24.8374,18.0129,31.3605,25.7354,0.843,0.2983,False
Mitte,Mitte,residents_65plus,S- or U-Bahn,1.0,14136,52447.0,0,8.5572,5.9101,11.7752,9.2185,0.1047,0.0049,False
Mitte,Mitte,residents_65plus,S- or U-Bahn,1.3,14136,52447.0,0,6.5824,4.5463,9.0579,7.0912,0.0208,0.0024,False
Mitte,Mitte,residents_65plus,S- or U-Bahn,1.4,14136,52447.0,0,6.1123,4.2215,8.4109,6.5846,0.0144,0.0003,False
Mitte,Mitte,residents_65plus,Any mode,1.0,14136,52447.0,0,3.9822,2.7649,5.4784,4.2433,0.0032,0.0,False
Mitte,Mitte,residents_65plus,Any mode,1.3,14136,52447.0,0,3.0632,2.1269,4.2141,3.264,0.0014,0.0,False
Mitte,Mitte,residents_65plus,Any mode,1.4,14136,52447.0,0,2.8444,1.9749,3.9131,3.0309,0.0006,0.0,False
Neukölln,Neukölln,residents_65plus,S-Bahn,1.0,27274,58004.0,0,55.8535,27.3811,74.2684,51.8196,0.8958,0.7187,False
Neukölln,Neukölln,residents_65plus,S-Bahn,1.3,27274,58004.0,0,42.9642,21.0624,57.1296,39.8612,0.8461,0.6415,False
Neukölln,Neukölln,residents_65plus,S-Bahn,1.4,27274,58004.0,0,39.8954,19.5579,53.0489,37.014,0.8254,0.6192,False
Neukölln,Neukölln,residents_65plus,U-Bahn,1.0,27274,58004.0,0,14.4386,7.986,26.0509,18.2639,0.4831,0.1863,False
Neukölln,Neukölln,residents_65plus,U-Bahn,1.3,27274,58004.0,0,11.1066,6.1431,20.0392,14.0491,0.3724,0.0837,False
Neukölln,Neukölln,residents_65plus,U-Bahn,1.4,27274,58004.0,0,10.3133,5.7043,18.6078,13.0456,0.342,0.061,False
Neukölln,Neukölln,residents_65plus,Tram,1.0,27274,58004.0,0,71.3285,55.8775,89.4297,74.4106,1.0,0.9956,False
Neukölln,Neukölln,residents_65plus,Tram,1.3,27274,58004.0,0,54.8681,42.9827,68.7921,57.2389,1.0,0.9637,False
Neukölln,Neukölln,residents_65plus,Tram,1.4,27274,58004.0,0,50.9489,39.9125,63.8784,53.1504,1.0,0.937,False
Neukölln,Neukölln,residents_65plus,Bus,1.0,27274,58004.0,0,4.4612,2.9449,6.4136,4.9287,0.0043,0.0,False
Neukölln,Neukölln,residents_65plus,Bus,1.3,27274,58004.0,0,3.4317,2.2653,4.9336,3.7913,0.0004,0.0,False
Neukölln,Neukölln,residents_65plus,Bus,1.4,27274,58004.0,0,3.1866,2.1035,4.5812,3.5205,0.0001,0.0,False
Neukölln,Neukölln,residents_65plus,Regionalbahn,1.0,27274,58004.0,0,86.8975,71.3725,100.6539,87.3429,1.0,1.0,False
Neukölln,Neukölln,residents_65plus,Regionalbahn,1.3,27274,58004.0,0,66.8442,54.9019,77.4261,67.1869,1.0,0.9997,False
Neukölln,Neukölln,residents_65plus,Regionalbahn,1.4,27274,58004.0,0,62.0696,50.9803,71.8956,62.3878,1.0,0.998,False
Neukölln,Neukölln,residents_65plus,S- or U-Bahn,1.0,27274,58004.0,0,13.5156,7.7249,24.1868,16.8946,0.4544,0.1526,False
Neukölln,Neukölln,residents_65plus,S- or U-Bahn,1.3,27274,58004.0,0,10.3966,5.9422,18.6053,12.9958,0.3414,0.0582,False
Neukölln,Neukölln,residents_65plus,S- or U-Bahn,1.4,27274,58004.0,0,9.654,5.5178,17.2763,12.0676,0.309,0.0374,False
Neukölln,Neukölln,residents_65plus,Any mode,1.0,27274,58004.0,0,4.3721,2.8874,6.2528,4.8255,0.0043,0.0,False
Neukölln,Neukölln,residents_65plus,Any mode,1.3,27274,58004.0,0,3.3631,2.2211,4.8099,3.712,0.0004,0.0,False
Neukölln,Neukölln,residents_65plus,Any mode,1.4,27274,58004.0,0,3.1229,2.0624,4.4663,3.4468,0.0001,0.0,False
Pankow,Pankow,residents_65plus,S-Bahn,1.0,39131,64688.0,0,23.9744,15.8503,37.743,27.4777,0.7802,0.3648,False
Pankow,Pankow,residents_65plus,S-Bahn,1.3,39131,64688.0,0,18.4419,12.1926,29.033,21.1367,0.6343,0.2311,False
Pankow,Pankow,residents_65plus,S-Bahn,1.4,39131,64688.0,0,17.1246,11.3217,26.9593,19.6269,0.5826,0.1893,False
Pankow,Pankow,residents_65plus,U-Bahn,1.0,39131,64688.0,0,45.9233,21.6316,77.8712,57.6693,0.8439,0.6685,False
Pankow,Pankow,residents_65plus,U-Bahn,1.3,39131,64688.0,0,35.3256,16.6397,59.9009,44.361,0.7806,0.5741,False
Pankow,Pankow,residents_65plus,U-Bahn,1.4,39131,64688.0,0,32.8023,15.4511,55.6223,41.1924,0.7581,0.5467,False
Pankow,Pankow,residents_65plus,Tram,1.0,39131,64688.0,0,8.949,5.2114,17.9337,20.5458,0.3023,0.1641,False
Pankow,Pankow,residents_65plus,Tram,1.3,39131,64688.0,0,6.8839,4.0088,13.7951,15.8045,0.23,0.1445,False
Pankow,Pankow,residents_65plus,Tram,1.4,39131,64688.0,0,6.3922,3.7225,12.8098,14.6756,0.2123,0.1407,False
Pankow,Pankow,residents_65plus,Bus,1.0,39131,64688.0,0,5.3955,3.4617,8.1278,6.2182,0.0348,0.0,False
Pankow,Pankow,residents_65plus,Bus,1.3,39131,64688.0,0,4.1504,2.6628,6.2522,4.7833,0.0066,0.0,False
Pankow,Pankow,residents_65plus,Bus,1.4,39131,64688.0,0,3.854,2.4726,5.8056,4.4416,0.0041,0.0,False
Pankow,Pankow,residents_65plus,Regionalbahn,1.0,39131,64688.0,0,60.8759,47.9376,76.575,62.045,0.9901,0.9412,False
Pankow,Pankow,residents_65plus,Regionalbahn,1.3,39131,64688.0,0,46.8276,36.8751,58.9039,47.727,0.9805,0.8758,False
Pankow,Pankow,residents_65plus,Regionalbahn,1.4,39131,64688.0,0,43.4828,34.2412,54.6965,44.3179,0.9768,0.8415,False
Pankow,Pankow,residents_65plus,S- or U-Bahn,1.0,39131,64688.0,0,21.9154,13.3295,37.5257,26.0726,0.6951,0.3571,False
Pankow,Pankow,residents_65plus,S- or U-Bahn,1.3,39131,64688.0,0,16.858,10.2535,28.8659,20.0559,0.5624,0.2282,False
Pankow,Pankow,residents_65plus,S- or U-Bahn,1.4,39131,64688.0,0,15.6539,9.5211,26.804,18.6233,0.5222,0.1879,False
Pankow,Pankow,residents_65plus,Any mode,1.0,39131,64688.0,0,4.6751,3.0794,6.7534,5.3217,0.0207,0.0,False
Pankow,Pankow,residents_65plus,Any mode,1.3,39131,64688.0,0,3.5962,2.3688,5.1949,4.0937,0.0054,0.0,False
Pankow,Pankow,residents_65plus,Any mode,1.4,39131,64688.0,0,3.3393,2.1996,4.8238,3.8012,0.0035,0.0,False
Reinickendorf,Reinickendorf,residents_65plus,S-Bahn,1.0,35808,62765.0,0,21.641,15.2562,30.1245,24.6237,0.7605,0.2526,False
Reinickendorf,Reinickendorf,residents_65plus,S-Bahn,1.3,35808,62765.0,0,16.647,11.7355,23.1727,18.9413,0.5814,0.1067,False
Reinickendorf,Reinickendorf,residents_65plus,S-Bahn,1.4,35808,62765.0,0,15.4579,10.8973,21.5175,17.5884,0.5244,0.0865,False
Reinickendorf,Reinickendorf,residents_65plus,U-Bahn,1.0,35808,62765.0,0,37.2141,18.7308,66.3155,50.1728,0.8128,0.5969,False
Reinickendorf,Reinickendorf,residents_65plus,U-Bahn,1.3,35808,62765.0,0,28.6262,14.4083,51.0119,38.5945,0.7367,0.4843,False
Reinickendorf,Reinickendorf,residents_65plus,U-Bahn,1.4,35808,62765.0,0,26.5815,13.3791,47.3682,35.8377,0.715,0.4525,False
Reinickendorf,Reinickendorf,residents_65plus,Tram,1.0,35808,62765.0,0,72.659,42.5123,112.3625,84.556,0.9837,0.8464,False
Reinickendorf,Reinickendorf,residents_65plus,Tram,1.3,35808,62765.0,0,55.8916,32.7018,86.4327,65.0431,0.9401,0.7708,False
Reinickendorf,Reinickendorf,residents_65plus,Tram,1.4,35808,62765.0,0,51.8993,30.366,80.2589,60.3971,0.9297,0.7531,False
Reinickendorf,Reinickendorf,residents_65plus,Bus,1.0,35808,62765.0,0,4.7715,3.0504,7.3538,5.6865,0.0271,0.0,False
Reinickendorf,Reinickendorf,residents_65plus,Bus,1.3,35808,62765.0,0,3.6704,2.3465,5.6568,4.3742,0.008,0.0,False
Reinickendorf,Reinickendorf,residents_65plus,Bus,1.4,35808,62765.0,0,3.4082,2.1789,5.2527,4.0618,0.0058,0.0,False
Reinickendorf,Reinickendorf,residents_65plus,Regionalbahn,1.0,35808,62765.0,0,137.4514,108.9894,175.6642,143.5395,1.0,1.0,False
Reinickendorf,Reinickendorf,residents_65plus,Regionalbahn,1.3,35808,62765.0,0,105.7318,83.838,135.1263,110.415,1.0,0.9938,False
Reinickendorf,Reinickendorf,residents_65plus,Regionalbahn,1.4,35808,62765.0,0,98.1796,77.8496,125.4744,102.5282,1.0,0.9878,False
Reinickendorf,Reinickendorf,residents_65plus,S- or U-Bahn,1.0,35808,62765.0,0,18.0453,11.9441,27.6483,21.9406,0.6242,0.2129,False
Reinickendorf,Reinickendorf,residents_65plus,S- or U-Bahn,1.3,35808,62765.0,0,13.881,9.1877,21.2679,16.8773,0.4492,0.0997,False
Reinickendorf,Reinickendorf,residents_65plus,S- or U-Bahn,1.4,35808,62765.0,0,12.8895,8.5315,19.7488,15.6718,0.4047,0.0822,False
Reinickendorf,Reinickendorf,residents_65plus,Any mode,1.0,35808,62765.0,0,4.7436,3.0264,7.2897,5.6548,0.027,0.0,False
Reinickendorf,Reinickendorf,residents_65plus,Any mode,1.3,35808,62765.0,0,3.6489,2.328,5.6075,4.3499,0.008,0.0,False
Reinickendorf,Reinickendorf,residents_65plus,Any mode,1.4,35808,62765.0,0,3.3883,2.1617,5.2069,4.0392,0.0058,0.0,False
Spandau,Spandau,residents_65plus,S-Bahn,1.0,30242,54124.0,0,55.1875,36.8158,67.8825,63.144,0.9634,0.8458,False
Spandau,Spandau,residents_65plus,S-Bahn,1.3,30242,54124.0,0,42.4519,28.3199,52.2173,48.5723,0.9411,0.7243,False
Spandau,Spandau,residents_65plus,S-Bahn,1.4,30242,54124.0,0,39.4196,26.297,48.4875,45.1028,0.9304,0.6865,False
Spandau,Spandau,residents_65plus,U-Bahn,1.0,30242,54124.0,0,47.9071,27.8071,65.7363,57.2732,0.9012,0.7182,False
Spandau,Spandau,residents_65plus,U-Bahn,1.3,30242,54124.0,0,36.8516,21.3901,50.5664,44.0563,0.8504,0.6017,False
Spandau,Spandau,residents_65plus,U-Bahn,1.4,30242,54124.0,0,34.2194,19.8622,46.9545,40.9094,0.831,0.5672,False
Spandau,Spandau,residents_65plus,Tram,1.0,30242,54124.0,0,198.3845,178.7214,228.3557,205.6523,1.0,1.0,False
Spandau,Spandau,residents_65plus,Tram,1.3,30242,54124.0,0,152.6035,137.478,175.6582,158.1941,1.0,1.0,False
Spandau,Spandau,residents_65plus,Tram,1.4,30242,54124.0,0,141.7032,127.6582,163.1112,146.8945,1.0,1.0,False
Spandau,Spandau,residents_65plus,Bus,1.0,30242,54124.0,0,4.7874,3.1158,7.2548,5.64,0.0245,0.0014,False
Spandau,Spandau,residents_65plus,Bus,1.3,30242,54124.0,0,3.6826,2.3967,5.5806,4.3385,0.0071,0.0001,False
Spandau,Spandau,residents_65plus,Bus,1.4,30242,54124.0,0,3.4195,2.2255,5.182,4.0286,0.0051,0.0,False
Spandau,Spandau,residents_65plus,Regionalbahn,1.0,30242,54124.0,0,49.7378,34.2195,63.1257,59.2542,0.9571,0.8259,False
Spandau,Spandau,residents_65plus,Regionalbahn,1.3,30242,54124.0,0,38.2598,26.3227,48.5582,45.5802,0.9293,0.6715,False
Spandau,Spandau,residents_65plus,Regionalbahn,1.4,30242,54124.0,0,35.527,24.4425,45.0898,42.3244,0.9175,0.6312,False
Spandau,Spandau,residents_65plus,S- or U-Bahn,1.0,30242,54124.0,0,46.0961,26.8054,64.0187,56.2349,0.8955,0.705,False
Spandau,Spandau,residents_65plus,S- or U-Bahn,1.3,30242,54124.0,0,35.4586,20.6196,49.2452,43.2576,0.841,0.5924,False
Spandau,Spandau,residents_65plus,S- or U-Bahn,1.4,30242,54124.0,0,32.9258,19.1467,45.7277,40.1678,0.8199,0.5558,False
Spandau,Spandau,residents_65plus,Any mode,1.0,30242,54124.0,0,4.781,3.1156,7.2542,5.6334,0.0244,0.0014,False
Spandau,Spandau,residents_65plus,Any mode,1.3,30242,54124.0,0,3.6777,2.3966,5.5802,4.3334,0.0071,0.0001,False
Spandau,Spandau,residents_65plus,Any mode,1.4,30242,54124.0,0,3.415,2.2254,5.1816,4.0238,0.0051,0.0,False
Steglitz-Zehlendorf,Steglitz-Zehlendorf,residents_65plus,S-Bahn,1.0,42696,80067.0,0,19.2258,13.0969,28.0418,21.3225,0.6706,0.2111,False
Steglitz-Zehlendorf,Steglitz-Zehlendorf,residents_65plus,S-Bahn,1.3,42696,80067.0,0,14.789,10.0745,21.5706,16.4019,0.4886,0.076,False
Steglitz-Zehlendorf,Steglitz-Zehlendorf,residents_65plus,S-Bahn,1.4,42696,80067.0,0,13.7327,9.3549,20.0299,15.2304,0.4328,0.0491,False
Steglitz-Zehlendorf,Steglitz-Zehlendorf,residents_65plus,U-Bahn,1.0,42696,80067.0,0,40.3522,21.5577,62.657,45.5807,0.836,0.6437,False
Steglitz-Zehlendorf,Steglitz-Zehlendorf,residents_65plus,U-Bahn,1.3,42696,80067.0,0,31.0401,16.5829,48.1977,35.062,0.7753,0.521,False
Steglitz-Zehlendorf,Steglitz-Zehlendorf,residents_65plus,U-Bahn,1.4,42696,80067.0,0,28.823,15.3984,44.755,32.5576,0.7568,0.4766,False
Steglitz-Zehlendorf,Steglitz-Zehlendorf,residents_65plus,Tram,1.0,42696,80067.0,0,184.2043,153.6893,204.9415,178.8186,0.9999,0.9993,False
Steglitz-Zehlendorf,Steglitz-Zehlendorf,residents_65plus,Tram,1.3,42696,80067.0,0,141.6956,118.2226,157.6473,137.5528,0.9994,0.9992,False
Steglitz-Zehlendorf,Steglitz-Zehlendorf,residents_65plus,Tram,1.4,42696,80067.0,0,131.5745,109.7781,146.3868,127.7276,0.9993,0.9992,False
Steglitz-Zehlendorf,Steglitz-Zehlendorf,residents_65plus,Bus,1.0,42696,80067.0,0,4.5205,2.9485,6.5168,5.0761,0.0103,0.0017,False
Steglitz-Zehlendorf,Steglitz-Zehlendorf,residents_65plus,Bus,1.3,42696,80067.0,0,3.4773,2.2681,5.0129,3.9047,0.0043,0.0004,False
Steglitz-Zehlendorf,Steglitz-Zehlendorf,residents_65plus,Bus,1.4,42696,80067.0,0,3.2289,2.1061,4.6548,3.6258,0.0035,0.0,False
Steglitz-Zehlendorf,Steglitz-Zehlendorf,residents_65plus,Regionalbahn,1.0,42696,80067.0,0,54.1937,40.9763,75.1923,57.3995,0.9701,0.8685,False
Steglitz-Zehlendorf,Steglitz-Zehlendorf,residents_65plus,Regionalbahn,1.3,42696,80067.0,0,41.6875,31.5202,57.8402,44.1535,0.9452,0.7749,False
Steglitz-Zehlendorf,Steglitz-Zehlendorf,residents_65plus,Regionalbahn,1.4,42696,80067.0,0,38.7098,29.2688,53.7088,40.9997,0.9358,0.7347,False
Steglitz-Zehlendorf,Steglitz-Zehlendorf,residents_65plus,S- or U-Bahn,1.0,42696,80067.0,0,16.5707,11.3284,24.482,18.8374,0.572,0.1501,False
Steglitz-Zehlendorf,Steglitz-Zehlendorf,residents_65plus,S- or U-Bahn,1.3,42696,80067.0,0,12.7467,8.7141,18.8323,14.4903,0.3866,0.0512,False
Steglitz-Zehlendorf,Steglitz-Zehlendorf,residents_65plus,S- or U-Bahn,1.4,42696,80067.0,0,11.8362,8.0917,17.4872,13.4553,0.3335,0.0327,False
Steglitz-Zehlendorf,Steglitz-Zehlendorf,residents_65plus,Any mode,1.0,42696,80067.0,0,4.4973,2.9349,6.492,5.0567,0.0103,0.0017,False
Steglitz-Zehlendorf,Steglitz-Zehlendorf,residents_65plus,Any mode,1.3,42696,80067.0,0,3.4595,2.2576,4.9939,3.8898,0.0043,0.0004,False
Steglitz-Zehlendorf,Steglitz-Zehlendorf,residents_65plus,Any mode,1.4,42696,80067.0,0,3.2124,2.0963,4.6372,3.6119,0.0035,0.0,False
Tempelhof-Schöneberg,Tempelhof-Schöneberg,residents_65plus,S-Bahn,1.0,29948,76372.0,0,23.0029,13.7313,31.8631,24.051,0.7164,0.2988,False
Tempelhof-Schöneberg,Tempelhof-Schöneberg,residents_65plus,S-Bahn,1.3,29948,76372.0,0,17.6946,10.5625,24.51,18.5008,0.5895,0.1363,False
Tempelhof-Schöneberg,Tempelhof-Schöneberg,residents_65plus,S-Bahn,1.4,29948,76372.0,0,16.4307,9.808,22.7593,17.1793,0.552,0.0951,False
Tempelhof-Schöneberg,Tempelhof-Schöneberg,residents_65plus,U-Bahn,1.0,29948,76372.0,0,16.1335,8.0481,56.7255,32.975,0.5187,0.3332,False
Tempelhof-Schöneberg,Tempelhof-Schöneberg,residents_65plus,U-Bahn,1.3,29948,76372.0,0,12.4104,6.1909,43.635,25.3654,0.4378,0.296,False
Tempelhof-Schöneberg,Tempelhof-Schöneberg,residents_65plus,U-Bahn,1.4,29948,76372.0,0,11.524,5.7487,40.5182,23.5536,0.4112,0.2843,False
Tempelhof-Schöneberg,Tempelhof-Schöneberg,residents_65plus,Tram,1.0,29948,76372.0,0,128.1697,88.221,158.7126,127.0451,1.0,1.0,False
Tempelhof-Schöneberg,Tempelhof-Schöneberg,residents_65plus,Tram,1.3,29948,76372.0,0,98.5921,67.8623,122.0866,97.727,1.0,1.0,False
Tempelhof-Schöneberg,Tempelhof-Schöneberg,residents_65plus,Tram,1.4,29948,76372.0,0,91.5498,63.015,113.3662,90.7465,1.0,1.0,False
Tempelhof-Schöneberg,Tempelhof-Schöneberg,residents_65plus,Bus,1.0,29948,76372.0,0,4.3197,2.8637,6.0599,4.7829,0.0071,0.0,False
Tempelhof-Schöneberg,Tempelhof-Schöneberg,residents_65plus,Bus,1.3,29948,76372.0,0,3.3228,2.2029,4.6615,3.6792,0.0005,0.0,False
Tempelhof-Schöneberg,Tempelhof-Schöneberg,residents_65plus,Bus,1.4,29948,76372.0,0,3.0855,2.0455,4.3285,3.4164,0.0003,0.0,False
Tempelhof-Schöneberg,Tempelhof-Schöneberg,residents_65plus,Regionalbahn,1.0,29948,76372.0,0,53.0525,39.2811,88.2041,66.1766,0.9835,0.8855,False
Tempelhof-Schöneberg,Tempelhof-Schöneberg,residents_65plus,Regionalbahn,1.3,29948,76372.0,0,40.8096,30.2162,67.8493,50.905,0.9711,0.7555,False
Tempelhof-Schöneberg,Tempelhof-Schöneberg,residents_65plus,Regionalbahn,1.4,29948,76372.0,0,37.8946,28.0579,63.0029,47.269,0.9636,0.6992,False
Tempelhof-Schöneberg,Tempelhof-Schöneberg,residents_65plus,S- or U-Bahn,1.0,29948,76372.0,0,11.9492,7.3141,22.0417,16.0436,0.4046,0.1491,False
Tempelhof-Schöneberg,Tempelhof-Schöneberg,residents_65plus,S- or U-Bahn,1.3,29948,76372.0,0,9.1917,5.6262,16.9552,12.3412,0.2934,0.0644,False
Tempelhof-Schöneberg,Tempelhof-Schöneberg,residents_65plus,S- or U-Bahn,1.4,29948,76372.0,0,8.5351,5.2243,15.7441,11.4597,0.2664,0.0365,False
Tempelhof-Schöneberg,Tempelhof-Schöneberg,residents_65plus,Any mode,1.0,29948,76372.0,0,4.2339,2.8284,5.958,4.7101,0.0071,0.0,False
Tempelhof-Schöneberg,Tempelhof-Schöneberg,residents_65plus,Any mode,1.3,29948,76372.0,0,3.2569,2.1757,4.5831,3.6231,0.0005,0.0,False
Tempelhof-Schöneberg,Tempelhof-Schöneberg,residents_65plus,Any mode,1.4,29948,76372.0,0,3.0242,2.0203,4.2557,3.3643,0.0003,0.0,False
Treptow-Köpenick,Treptow-Köpenick,residents_65plus,S-Bahn,1.0,39377,60690.0,0,24.6834,15.636,36.3294,29.624,0.7685,0.3734,False
Treptow-Köpenick,Treptow-Köpenick,residents_65plus,S-Bahn,1.3,39377,60690.0,0,18.9872,12.0277,27.9457,22.7877,0.6348,0.2017,False
Treptow-Köpenick,Treptow-Köpenick,residents_65plus,S-Bahn,1.4,39377,60690.0,0,17.631,11.1686,25.9496,21.16,0.5928,0.1663,False
Treptow-Köpenick,Treptow-Köpenick,residents_65plus,U-Bahn,1.0,39377,60690.0,0,98.9701,66.8982,143.4204,110.868,1.0,0.9833,False
Treptow-Köpenick,Treptow-Köpenick,residents_65plus,U-Bahn,1.3,39377,60690.0,0,76.1309,51.4601,110.3234,85.2831,0.9998,0.9631,False
Treptow-Köpenick,Treptow-Köpenick,residents_65plus,U-Bahn,1.4,39377,60690.0,0,70.693,47.7844,102.4432,79.1914,0.9994,0.9543,False
Treptow-Köpenick,Treptow-Köpenick,residents_65plus,Tram,1.0,39377,60690.0,0,12.3248,6.0142,36.2475,22.5698,0.4432,0.3096,False
Treptow-Köpenick,Treptow-Köpenick,residents_65plus,Tram,1.3,39377,60690.0,0,9.4806,4.6263,27.8827,17.3614,0.3863,0.2183,False
Treptow-Köpenick,Treptow-Köpenick,residents_65plus,Tram,1.4,39377,60690.0,0,8.8035,4.2958,25.8911,16.1213,0.3736,0.1867,False
Treptow-Köpenick,Treptow-Köpenick,residents_65plus,Bus,1.0,39377,60690.0,0,4.9704,3.2776,7.5727,6.0757,0.045,0.0015,False
Treptow-Köpenick,Treptow-Köpenick,residents_65plus,Bus,1.3,39377,60690.0,0,3.8234,2.5212,5.8252,4.6736,0.0143,0.0003,False
Treptow-Köpenick,Treptow-Köpenick,residents_65plus,Bus,1.4,39377,60690.0,0,3.5503,2.3411,5.4091,4.3398,0.0112,0.0002,False
Treptow-Köpenick,Treptow-Köpenick,residents_65plus,Regionalbahn,1.0,39377,60690.0,0,96.0818,48.3709,118.1398,87.9488,0.9769,0.9036,False
Treptow-Köpenick,Treptow-Köpenick,residents_65plus,Regionalbahn,1.3,39377,60690.0,0,73.909,37.2084,90.8768,67.6529,0.9604,0.8371,False
Treptow-Köpenick,Treptow-Köpenick,residents_65plus,Regionalbahn,1.4,39377,60690.0,0,68.6298,34.5506,84.3856,62.8206,0.9544,0.8024,False
Treptow-Köpenick,Treptow-Köpenick,residents_65plus,S- or U-Bahn,1.0,39377,60690.0,0,24.5226,15.636,35.9458,29.5271,0.7685,0.371,False
Treptow-Köpenick,Treptow-Köpenick,residents_65plus,S- or U-Bahn,1.3,39377,60690.0,0,18.8636,12.0277,27.6506,22.7132,0.6346,0.1966,False
Treptow-Köpenick,Treptow-Köpenick,residents_65plus,S- or U-Bahn,1.4,39377,60690.0,0,17.5162,11.1686,25.6756,21.0908,0.5922,0.1635,False
Treptow-Köpenick,Treptow-Köpenick,residents_65plus,Any mode,1.0,39377,60690.0,0,4.8594,3.1801,7.2599,5.7775,0.0341,0.001,False
Treptow-Köpenick,Treptow-Köpenick,residents_65plus,Any mode,1.3,39377,60690.0,0,3.738,2.4463,5.5845,4.4443,0.0082,0.0002,False
Treptow-Köpenick,Treptow-Köpenick,residents_65plus,Any mode,1.4,39377,60690.0,0,3.471,2.2715,5.1856,4.1268,0.0059,0.0002,False
Berlin,Berlin,buildings,S-Bahn,1.0,503625,,0,28.3606,17.7954,44.4782,35.9287,0.8193,0.4668,False
Berlin,Berlin,buildings,S-Bahn,1.3,503625,,0,21.8158,13.6888,34.214,27.6375,0.7058,0.3158,False
Berlin,Berlin,buildings,S-Bahn,1.4,503625,,0,20.2575,12.711,31.7701,25.6634,0.668,0.2787,False
Berlin,Berlin,buildings,U-Bahn,1.0,503625,,0,47.0477,20.4296,82.6634,60.0758,0.8123,0.653,False
Berlin,Berlin,buildings,U-Bahn,1.3,503625,,0,36.1905,15.7151,63.5873,46.2121,0.7611,0.571,False
Berlin,Berlin,buildings,U-Bahn,1.4,503625,,0,33.6055,14.5926,59.0453,42.9113,0.7433,0.5434,False
Berlin,Berlin,buildings,Tram,1.0,503625,,0,62.2603,19.8665,151.3564,89.101,0.8,0.6667,False
Berlin,Berlin,buildings,Tram,1.3,503625,,0,47.8925,15.2819,116.428,68.5392,0.7537,0.6106,False
Berlin,Berlin,buildings,Tram,1.4,503625,,0,44.4716,14.1904,108.1117,63.6436,0.7381,0.5925,False
Berlin,Berlin,buildings,Bus,1.0,503625,,0,5.6557,3.6361,8.4451,6.5869,0.0483,0.0017,False
Berlin,Berlin,buildings,Bus,1.3,503625,,0,4.3505,2.797,6.4962,5.0668,0.0145,0.0004,False
Berlin,Berlin,buildings,Bus,1.4,503625,,0,4.0398,2.5972,6.0322,4.7049,0.0095,0.0002,False
Berlin,Berlin,buildings,Regionalbahn,1.0,503625,,0,68.3544,42.8263,101.0106,79.2871,0.9686,0.8694,False
Berlin,Berlin,buildings,Regionalbahn,1.3,503625,,0,52.5803,32.9433,77.7004,60.9901,0.9459,0.7877,False
Berlin,Berlin,buildings,Regionalbahn,1.4,503625,,0,48.8245,30.5902,72.1504,56.6336,0.9368,0.7589,False
Berlin,Berlin,buildings,S- or U-Bahn,1.0,503625,,0,22.6642,12.909,36.7074,29.8288,0.6924,0.3549,False
Berlin,Berlin,buildings,S- or U-Bahn,1.3,503625,,0,17.434,9.93,28.2365,22.9453,0.5763,0.2196,False
Berlin,Berlin,buildings,S- or U-Bahn,1.4,503625,,0,16.1887,9.2207,26.2196,21.3063,0.5389,0.1877,False
Berlin,Berlin,buildings,Any mode,1.0,503625,,0,5.4849,3.5369,8.1297,6.3823,0.0435,0.0016,False
Berlin,Berlin,buildings,Any mode,1.3,503625,,0,4.2192,2.7207,6.2536,4.9095,0.0135,0.0003,False
Berlin,Berlin,buildings,Any mode,1.4,503625,,0,3.9178,2.5264,5.8069,4.5588,0.0088,0.0002,False
Charlottenburg-Wilmersdorf,Charlottenburg-Wilmersdorf,buildings,S-Bahn,1.0,25345,,0,19.3403,13.2487,26.0792,20.2902,0.6742,0.1468,False
Charlottenburg-Wilmersdorf,Charlottenburg-Wilmersdorf,buildings,S-Bahn,1.3,25345,,0,14.8772,10.1913,20.0609,15.6078,0.4937,0.0381,False
Charlottenburg-Wilmersdorf,Charlottenburg-Wilmersdorf,buildings,S-Bahn,1.4,25345,,0,13.8145,9.4634,18.628,14.493,0.4334,0.0221,False
Charlottenburg-Wilmersdorf,Charlottenburg-Wilmersdorf,buildings,U-Bahn,1.0,25345,,0,15.8267,8.4393,29.3953,20.4469,0.5186,0.2387,False
Charlottenburg-Wilmersdorf,Charlottenburg-Wilmersdorf,buildings,U-Bahn,1.3,25345,,0,12.1744,6.4917,22.6118,15.7284,0.4294,0.1315,False
Charlottenburg-Wilmersdorf,Charlottenburg-Wilmersdorf,buildings,U-Bahn,1.4,25345,,0,11.3048,6.028,20.9966,14.6049,0.3958,0.1064,False
Charlottenburg-Wilmersdorf,Charlottenburg-Wilmersdorf,buildings,Tram,1.0,25345,,0,89.2158,58.5505,118.1623,89.1345,1.0,0.9874,False
Charlottenburg-Wilmersdorf,Charlottenburg-Wilmersdorf,buildings,Tram,1.3,25345,,0,68.6276,45.0389,90.8941,68.565,0.9993,0.939,False
Charlottenburg-Wilmersdorf,Charlottenburg-Wilmersdorf,buildings,Tram,1.4,25345,,0,63.7256,41.8218,84.4017,63.6675,0.9986,0.9125,False
Charlottenburg-Wilmersdorf,Charlottenburg-Wilmersdorf,buildings,Bus,1.0,25345,,0,5.0475,3.335,7.2546,5.8482,0.0357,0.0034,False
Charlottenburg-Wilmersdorf,Charlottenburg-Wilmersdorf,buildings,Bus,1.3,25345,,0,3.8827,2.5654,5.5805,4.4986,0.0129,0.0001,False
Charlottenburg-Wilmersdorf,Charlottenburg-Wilmersdorf,buildings,Bus,1.4,25345,,0,3.6053,2.3822,5.1819,4.1773,0.0073,0.0,False
Charlottenburg-Wilmersdorf,Charlottenburg-Wilmersdorf,buildings,Regionalbahn,1.0,25345,,0,44.0392,28.6956,61.2721,45.0302,0.9416,0.7263,False
Charlottenburg-Wilmersdorf,Charlottenburg-Wilmersdorf,buildings,Regionalbahn,1.3,25345,,0,33.8763,22.0736,47.1324,34.6386,0.8903,0.5809,False
Charlottenburg-Wilmersdorf,Charlottenburg-Wilmersdorf,buildings,Regionalbahn,1.4,25345,,0,31.4566,20.4969,43.7658,32.1644,0.8718,0.5348,False
Charlottenburg-Wilmersdorf,Charlottenburg-Wilmersdorf,buildings,S- or U-Bahn,1.0,25345,,0,11.8276,7.6286,19.5511,13.9995,0.3714,0.0452,False
Charlottenburg-Wilmersdorf,Charlottenburg-Wilmersdorf,buildings,S- or U-Bahn,1.3,25345,,0,9.0981,5.8682,15.0393,10.7688,0.2514,0.0024,False
Charlottenburg-Wilmersdorf,Charlottenburg-Wilmersdorf,buildings,S- or U-Bahn,1.4,25345,,0,8.4483,5.449,13.9651,9.9996,0.212,0.0023,False
Charlottenburg-Wilmersdorf,Charlottenburg-Wilmersdorf,buildings,Any mode,1.0,25345,,0,4.9542,3.2635,7.1218,5.7321,0.0327,0.0032,False
Charlottenburg-Wilmersdorf,Charlottenburg-Wilmersdorf,buildings,Any mode,1.3,25345,,0,3.8109,2.5104,5.4783,4.4093,0.0124,0.0001,False
Charlottenburg-Wilmersdorf,Charlottenburg-Wilmersdorf,buildings,Any mode,1.4,25345,,0,3.5387,2.3311,5.087,4.0944,0.0069,0.0,False
Friedrichshain-Kreuzberg,Friedrichshain-Kreuzberg,buildings,S-Bahn,1.0,12636,,0,23.7199,15.663,32.3989,24.6968,0.7742,0.3151,False
Friedrichshain-Kreuzberg,Friedrichshain-Kreuzberg,buildings,S-Bahn,1.3,12636,,0,18.2461,12.0485,24.9222,18.9976,0.6095,0.1235,False
Friedrichshain-Kreuzberg,Friedrichshain-Kreuzberg,buildings,S-Bahn,1.4,12636,,0,16.9428,11.1879,23.142,17.6406,0.5651,0.0901,False
Friedrichshain-Kreuzberg,Friedrichshain-Kreuzberg,buildings,U-Bahn,1.0,12636,,0,9.5067,6.7535,12.5151,10.5703,0.1497,0.021,False
Friedrichshain-Kreuzberg,Friedrichshain-Kreuzberg,buildings,U-Bahn,1.3,12636,,0,7.3128,5.195,9.627,8.131,0.068,0.0104,False
Friedrichshain-Kreuzberg,Friedrichshain-Kreuzberg,buildings,U-Bahn,1.4,12636,,0,6.7905,4.8239,8.9394,7.5502,0.0494,0.0056,False
Friedrichshain-Kreuzberg,Friedrichshain-Kreuzberg,buildings,Tram,1.0,12636,,0,33.1967,9.2298,52.7294,32.8702,0.6982,0.5424,False
Friedrichshain-Kreuzberg,Friedrichshain-Kreuzberg,buildings,Tram,1.3,12636,,0,25.536,7.0999,40.5611,25.2848,0.6599,0.428,False
Friedrichshain-Kreuzberg,Friedrichshain-Kreuzberg,buildings,Tram,1.4,12636,,0,23.712,6.5927,37.6638,23.4787,0.6417,0.389,False
Friedrichshain-Kreuzberg,Friedrichshain-Kreuzberg,buildings,Bus,1.0,12636,,0,4.2947,2.8465,6.2949,4.8395,0.0002,0.0,False
Friedrichshain-Kreuzberg,Friedrichshain-Kreuzberg,buildings,Bus,1.3,12636,,0,3.3036,2.1897,4.8422,3.7227,0.0,0.0,False
Friedrichshain-Kreuzberg,Friedrichshain-Kreuzberg,buildings,Bus,1.4,12636,,0,3.0676,2.0332,4.4963,3.4568,0.0,0.0,False
Friedrichshain-Kreuzberg,Friedrichshain-Kreuzberg,buildings,Regionalbahn,1.0,12636,,0,33.8685,25.3306,41.766,33.4252,0.9371,0.6132,False
Friedrichshain-Kreuzberg,Friedrichshain-Kreuzberg,buildings,Regionalbahn,1.3,12636,,0,26.0527,19.4851,32.1277,25.7117,0.8807,0.3328,False
Friedrichshain-Kreuzberg,Friedrichshain-Kreuzberg,buildings,Regionalbahn,1.4,12636,,0,24.1918,18.0933,29.8329,23.8751,0.853,0.2434,False
Friedrichshain-Kreuzberg,Friedrichshain-Kreuzberg,buildings,S- or U-Bahn,1.0,12636,,0,9.1931,6.5939,11.8647,9.4815,0.0882,0.0001,False
Friedrichshain-Kreuzberg,Friedrichshain-Kreuzberg,buildings,S- or U-Bahn,1.3,12636,,0,7.0716,5.0723,9.1267,7.2935,0.0226,0.0,False
Friedrichshain-Kreuzberg,Friedrichshain-Kreuzberg,buildings,S- or U-Bahn,1.4,12636,,0,6.5665,4.71,8.4748,6.7725,0.0123,0.0,False
Friedrichshain-Kreuzberg,Friedrichshain-Kreuzberg,buildings,Any mode,1.0,12636,,0,3.8919,2.6021,5.4285,4.1768,0.0002,0.0,False
Friedrichshain-Kreuzberg,Friedrichshain-Kreuzberg,buildings,Any mode,1.3,12636,,0,2.9938,2.0016,4.1758,3.213,0.0,0.0,False
Friedrichshain-Kreuzberg,Friedrichshain-Kreuzberg,buildings,Any mode,1.4,12636,,0,2.7799,1.8587,3.8775,2.9835,0.0,0.0,False
Lichtenberg,Lichtenberg,buildings,S-Bahn,1.0,26319,,0,25.3914,17.0479,34.1254,26.6544,0.8075,0.3599,False
Lichtenberg,Lichtenberg,buildings,S-Bahn,1.3,26319,,0,19.5318,13.1137,26.2503,20.5034,0.6819,0.1744,False
Lichtenberg,Lichtenberg,buildings,S-Bahn,1.4,26319,,0,18.1367,12.177,24.3753,19.0388,0.6359,0.133,False
Lichtenberg,Lichtenberg,buildings,U-Bahn,1.0,26319,,0,51.2761,25.4541,100.4319,63.7375,0.9085,0.692,False
Lichtenberg,Lichtenberg,buildings,U-Bahn,1.3,26319,,0,39.4431,19.5801,77.2553,49.0288,0.85,0.6162,False
Lichtenberg,Lichtenberg,buildings,U-Bahn,1.4,26319,,0,36.6258,18.1815,71.7371,45.5268,0.8228,0.584,False
Lichtenberg,Lichtenberg,buildings,Tram,1.0,26319,,0,10.9275,6.4438,19.0955,13.7286,0.3448,0.0892,False
Lichtenberg,Lichtenberg,buildings,Tram,1.3,26319,,0,8.4058,4.9568,14.6889,10.5605,0.241,0.0169,False
Lichtenberg,Lichtenberg,buildings,Tram,1.4,26319,,0,7.8053,4.6027,13.6397,9.8062,0.2078,0.0103,False
Lichtenberg,Lichtenberg,buildings,Bus,1.0,26319,,0,6.2867,3.9863,9.6765,7.4714,0.0839,0.0005,False
Lichtenberg,Lichtenberg,buildings,Bus,1.3,26319,,0,4.8359,3.0664,7.4434,5.7472,0.0347,0.0,False
Lichtenberg,Lichtenberg,buildings,Bus,1.4,26319,,0,4.4905,2.8474,6.9118,5.3367,0.024,0.0,False
Lichtenberg,Lichtenberg,buildings,Regionalbahn,1.0,26319,,0,38.488,25.2514,58.7163,42.6464,0.9406,0.6511,False
Lichtenberg,Lichtenberg,buildings,Regionalbahn,1.3,26319,,0,29.6061,19.4242,45.1664,32.805,0.8818,0.4939,False
Lichtenberg,Lichtenberg,buildings,Regionalbahn,1.4,26319,,0,27.4914,18.0367,41.9402,30.4617,0.8522,0.4645,False
Lichtenberg,Lichtenberg,buildings,S- or U-Bahn,1.0,26319,,0,22.4517,15.0079,31.6204,24.575,0.7503,0.2897,False
Lichtenberg,Lichtenberg,buildings,S- or U-Bahn,1.3,26319,,0,17.2705,11.5445,24.3234,18.9038,0.6048,0.1458,False
Lichtenberg,Lichtenberg,buildings,S- or U-Bahn,1.4,26319,,0,16.0369,10.7199,22.586,17.5535,0.5502,0.1177,False
Lichtenberg,Lichtenberg,buildings,Any mode,1.0,26319,,0,5.7576,3.6953,8.5692,6.9038,0.0728,0.0003,False
Lichtenberg,Lichtenberg,buildings,Any mode,1.3,26319,,0,4.4289,2.8426,6.5917,5.3106,0.0333,0.0,False
Lichtenberg,Lichtenberg,buildings,Any mode,1.4,26319,,0,4.1126,2.6395,6.1209,4.9313,0.0225,0.0,False
Marzahn-Hellersdorf,Marzahn-Hellersdorf,buildings,S-Bahn,1.0,44435,,0,30.1274,20.4616,42.1508,31.638,0.8751,0.5029,False
Marzahn-Hellersdorf,Marzahn-Hellersdorf,buildings,S-Bahn,1.3,44435,,0,23.1749,15.7397,32.4237,24.3369,0.7741,0.3168,False
Marzahn-Hellersdorf,Marzahn-Hellersdorf,buildings,S-Bahn,1.4,44435,,0,21.5196,14.6154,30.1077,22.5986,0.7364,0.2528,False
Marzahn-Hellersdorf,Marzahn-Hellersdorf,buildings,U-Bahn,1.0,44435,,0,41.4784,27.0449,62.0956,44.8285,0.9146,0.7003,False
Marzahn-Hellersdorf,Marzahn-Hellersdorf,buildings,U-Bahn,1.3,44435,,0,31.9064,20.8037,47.7659,34.4834,0.8652,0.5432,False
Marzahn-Hellersdorf,Marzahn-Hellersdorf,buildings,U-Bahn,1.4,44435,,0,29.6274,19.3178,44.354,32.0203,0.8449,0.4922,False
Marzahn-Hellersdorf,Marzahn-Hellersdorf,buildings,Tram,1.0,44435,,0,22.7024,12.487,36.8452,25.1465,0.6807,0.3648,False
Marzahn-Hellersdorf,Marzahn-Hellersdorf,buildings,Tram,1.3,44435,,0,17.4634,9.6054,28.3425,19.3435,0.5721,0.2149,False
Marzahn-Hellersdorf,Marzahn-Hellersdorf,buildings,Tram,1.4,44435,,0,16.216,8.9193,26.318,17.9618,0.5385,0.1692,False
Marzahn-Hellersdorf,Marzahn-Hellersdorf,buildings,Bus,1.0,44435,,0,5.9423,3.9195,8.3599,6.4377,0.0265,0.0,False
Marzahn-Hellersdorf,Marzahn-Hellersdorf,buildings,Bus,1.3,44435,,0,4.571,3.015,6.4307,4.9521,0.0006,0.0,False
Marzahn-Hellersdorf,Marzahn-Hellersdorf,buildings,Bus,1.4,44435,,0,4.2445,2.7997,5.9713,4.5984,0.0003,0.0,False
Marzahn-Hellersdorf,Marzahn-Hellersdorf,buildings,Regionalbahn,1.0,44435,,0,61.188,38.2388,76.0615,57.5531,0.9657,0.8417,False
Marzahn-Hellersdorf,Marzahn-Hellersdorf,buildings,Regionalbahn,1.3,44435,,0,47.0677,29.4145,58.5088,44.2716,0.9366,0.7406,False
Marzahn-Hellersdorf,Marzahn-Hellersdorf,buildings,Regionalbahn,1.4,44435,,0,43.7057,27.3134,54.3296,41.1093,0.926,0.7069,False
Marzahn-Hellersdorf,Marzahn-Hellersdorf,buildings,S- or U-Bahn,1.0,44435,,0,24.7699,16.93,35.9358,27.3515,0.8047,0.3617,False
Marzahn-Hellersdorf,Marzahn-Hellersdorf,buildings,S- or U-Bahn,1.3,44435,,0,19.0538,13.0231,27.643,21.0396,0.6745,0.2057,False
Marzahn-Hellersdorf,Marzahn-Hellersdorf,buildings,S- or U-Bahn,1.4,44435,,0,17.6928,12.0929,25.6685,19.5368,0.6284,0.1697,False
Marzahn-Hellersdorf,Marzahn-Hellersdorf,buildings,Any mode,1.0,44435,,0,5.8293,3.8448,8.2074,6.3187,0.023,0.0,False
Marzahn-Hellersdorf,Marzahn-Hellersdorf,buildings,Any mode,1.3,44435,,0,4.4841,2.9576,6.3134,4.8605,0.0001,0.0,False
Marzahn-Hellersdorf,Marzahn-Hellersdorf,buildings,Any mode,1.4,44435,,0,4.1638,2.7463,5.8624,4.5134,0.0001,0.0,False
Mitte,Mitte,buildings,S-Bahn,1.0,24857,,0,15.4709,9.8677,22.3308,18.2566,0.5212,0.1381,False
Mitte,Mitte,buildings,S-Bahn,1.3,24857,,0,11.9007,7.5905,17.1775,14.0435,0.3345,0.092,False
Mitte,Mitte,buildings,S-Bahn,1.4,24857,,0,11.0507,7.0484,15.9506,13.0404,0.2867,0.0675,False
Mitte,Mitte,buildings,U-Bahn,1.0,24857,,0,9.3933,6.901,14.0578,11.1703,0.2166,0.0213,False
Mitte,Mitte,buildings,U-Bahn,1.3,24857,,0,7.2256,5.3084,10.8137,8.5926,0.1024,0.0071,False
Mitte,Mitte,buildings,U-Bahn,1.4,24857,,0,6.7095,4.9293,10.0413,7.9788,0.0757,0.0017,False
Mitte,Mitte,buildings,Tram,1.0,24857,,0,14.8083,7.6433,21.9127,16.5705,0.4949,0.1104,False
Mitte,Mitte,buildings,Tram,1.3,24857,,0,11.391,5.8795,16.8559,12.7465,0.3758,0.0476,False
Mitte,Mitte,buildings,Tram,1.4,24857,,0,10.5773,5.4595,15.6519,11.8361,0.3074,0.0388,False
Mitte,Mitte,buildings,Bus,1.0,24857,,0,4.8781,3.2354,6.4058,5.4293,0.0329,0.0004,False
Mitte,Mitte,buildings,Bus,1.3,24857,,0,3.7524,2.4888,4.9275,4.1764,0.0083,0.0,False
Mitte,Mitte,buildings,Bus,1.4,24857,,0,3.4844,2.311,4.5756,3.878,0.0047,0.0,False
Mitte,Mitte,buildings,Regionalbahn,1.0,24857,,0,32.7058,20.5073,43.6287,34.5461,0.8331,0.5636,False
Mitte,Mitte,buildings,Regionalbahn,1.3,24857,,0,25.1583,15.7748,33.5605,26.5739,0.7657,0.3521,False
Mitte,Mitte,buildings,Regionalbahn,1.4,24857,,0,23.3613,14.6481,31.1634,24.6758,0.7428,0.286,False
Mitte,Mitte,buildings,S- or U-Bahn,1.0,24857,,0,8.6138,6.3941,11.9922,9.865,0.1337,0.0196,False
Mitte,Mitte,buildings,S- or U-Bahn,1.3,24857,,0,6.626,4.9185,9.2248,7.5884,0.0458,0.007,False
Mitte,Mitte,buildings,S- or U-Bahn,1.4,24857,,0,6.1527,4.5672,8.5658,7.0464,0.0327,0.0017,False
Mitte,Mitte,buildings,Any mode,1.0,24857,,0,4.6661,3.0727,6.1326,4.9713,0.0172,0.0004,False
Mitte,Mitte,buildings,Any mode,1.3,24857,,0,3.5893,2.3636,4.7174,3.8241,0.0083,0.0,False
Mitte,Mitte,buildings,Any mode,1.4,24857,,0,3.3329,2.1948,4.3804,3.5509,0.0047,0.0,False
Neukölln,Neukölln,buildings,S-Bahn,1.0,40601,,0,60.6331,41.6615,72.2928,55.8823,0.9243,0.8276,False
Neukölln,Neukölln,buildings,S-Bahn,1.3,40601,,0,46.6409,32.0473,55.6098,42.9864,0.8927,0.769,False
Neukölln,Neukölln,buildings,S-Bahn,1.4,40601,,0,43.3094,29.7582,51.6377,39.9159,0.8821,0.7476,False
Neukölln,Neukölln,buildings,U-Bahn,1.0,40601,,0,21.3505,11.7634,32.3191,23.1669,0.6591,0.297,False
Neukölln,Neukölln,buildings,U-Bahn,1.3,40601,,0,16.4235,9.0488,24.8609,17.8207,0.5509,0.1376,False
Neukölln,Neukölln,buildings,U-Bahn,1.4,40601,,0,15.2504,8.4024,23.0851,16.5478,0.5087,0.1012,False
Neukölln,Neukölln,buildings,Tram,1.0,40601,,0,73.105,54.3801,95.0703,77.2114,1.0,0.9899,False
Neukölln,Neukölln,buildings,Tram,1.3,40601,,0,56.2346,41.8309,73.131,59.3934,1.0,0.9314,False
Neukölln,Neukölln,buildings,Tram,1.4,40601,,0,52.2179,38.843,67.9074,55.151,0.9998,0.8936,False
Neukölln,Neukölln,buildings,Bus,1.0,40601,,0,5.1078,3.3267,7.4116,5.7091,0.0143,0.0,False
Neukölln,Neukölln,buildings,Bus,1.3,40601,,0,3.9291,2.559,5.7012,4.3916,0.0012,0.0,False
Neukölln,Neukölln,buildings,Bus,1.4,40601,,0,3.6484,2.3762,5.294,4.0779,0.0003,0.0,False
Neukölln,Neukölln,buildings,Regionalbahn,1.0,40601,,0,91.2829,72.8412,109.6017,91.1418,1.0,1.0,False
Neukölln,Neukölln,buildings,Regionalbahn,1.3,40601,,0,70.2176,56.0317,84.309,70.1091,1.0,0.9997,False
Neukölln,Neukölln,buildings,Regionalbahn,1.4,40601,,0,65.2021,52.0294,78.2869,65.1013,1.0,0.9987,False
Neukölln,Neukölln,buildings,S- or U-Bahn,1.0,40601,,0,20.4205,11.1462,31.0045,21.8448,0.6359,0.2709,False
Neukölln,Neukölln,buildings,S- or U-Bahn,1.3,40601,,0,15.7081,8.574,23.8496,16.8037,0.5271,0.1136,False
Neukölln,Neukölln,buildings,S- or U-Bahn,1.4,40601,,0,14.5861,7.9616,22.146,15.6034,0.4846,0.0722,False
Neukölln,Neukölln,buildings,Any mode,1.0,40601,,0,5.061,3.3005,7.381,5.6776,0.0143,0.0,False
Neukölln,Neukölln,buildings,Any mode,1.3,40601,,0,3.8931,2.5388,5.6777,4.3674,0.0012,0.0,False
Neukölln,Neukölln,buildings,Any mode,1.4,40601,,0,3.615,2.3575,5.2721,4.0554,0.0003,0.0,False
Pankow,Pankow,buildings,S-Bahn,1.0,66793,,0,32.3998,20.86,47.0985,34.786,0.8678,0.5463,False
Pankow,Pankow,buildings,S-Bahn,1.3,66793,,0,24.9229,16.0461,36.2297,26.7585,0.7808,0.3813,False
Pankow,Pankow,buildings,S-Bahn,1.4,66793,,0,23.1427,14.9,33.6418,24.8472,0.7469,0.3357,False
Pankow,Pankow,buildings,U-Bahn,1.0,66793,,0,67.5287,43.4335,98.4588,72.7962,0.9345,0.8428,False
Pankow,Pankow,buildings,U-Bahn,1.3,66793,,0,51.9451,33.4104,75.7376,55.9971,0.9053,0.7828,False
Pankow,Pankow,buildings,U-Bahn,1.4,66793,,0,48.2348,31.0239,70.3277,51.9973,0.8954,0.7604,False
Pankow,Pankow,buildings,Tram,1.0,66793,,0,16.0579,7.8421,30.2995,25.6378,0.5272,0.2524,False
Pankow,Pankow,buildings,Tram,1.3,66793,,0,12.3522,6.0324,23.3073,19.7214,0.4222,0.1962,False
Pankow,Pankow,buildings,Tram,1.4,66793,,0,11.4699,5.6015,21.6425,18.3127,0.3911,0.1839,False
Pankow,Pankow,buildings,Bus,1.0,66793,,0,6.9145,4.3117,10.6559,8.0472,0.1056,0.0017,False
Pankow,Pankow,buildings,Bus,1.3,66793,,0,5.3189,3.3167,8.1969,6.1901,0.034,0.0008,False
Pankow,Pankow,buildings,Bus,1.4,66793,,0,4.939,3.0798,7.6114,5.748,0.0208,0.0005,False
Pankow,Pankow,buildings,Regionalbahn,1.0,66793,,0,70.8146,51.6799,85.4144,68.6615,0.9781,0.918,False
Pankow,Pankow,buildings,Regionalbahn,1.3,66793,,0,54.4728,39.7538,65.7034,52.8165,0.9598,0.869,False
Pankow,Pankow,buildings,Regionalbahn,1.4,66793,,0,50.5819,36.9142,61.0103,49.0439,0.9547,0.8444,False
Pankow,Pankow,buildings,S- or U-Bahn,1.0,66793,,0,31.9555,19.4658,46.9301,34.0211,0.8309,0.5372,False
Pankow,Pankow,buildings,S- or U-Bahn,1.3,66793,,0,24.5812,14.9737,36.1001,26.1701,0.7495,0.3791,False
Pankow,Pankow,buildings,S- or U-Bahn,1.4,66793,,0,22.8254,13.9042,33.5215,24.3008,0.7188,0.3342,False
Pankow,Pankow,buildings,Any mode,1.0,66793,,0,6.2091,3.9619,9.639,7.4878,0.0934,0.0017,False
Pankow,Pankow,buildings,Any mode,1.3,66793,,0,4.7762,3.0476,7.4146,5.7599,0.0323,0.0008,False
Pankow,Pankow,buildings,Any mode,1.4,66793,,0,4.4351,2.8299,6.885,5.3484,0.02,0.0005,False
Reinickendorf,Reinickendorf,buildings,S-Bahn,1.0,56910,,0,23.6136,16.5289,33.6865,29.1758,0.8005,0.3259,False
Reinickendorf,Reinickendorf,buildings,S-Bahn,1.3,56910,,0,18.1643,12.7146,25.9127,22.4429,0.6452,0.1975,False
Reinickendorf,Reinickendorf,buildings,S-Bahn,1.4,56910,,0,16.8669,11.8064,24.0618,20.8399,0.5922,0.1799,False
Reinickendorf,Reinickendorf,buildings,U-Bahn,1.0,56910,,0,54.0111,30.4097,106.1606,65.9236,0.8904,0.755,False
Reinickendorf,Reinickendorf,buildings,U-Bahn,1.3,56910,,0,41.547,23.3921,81.662,50.7105,0.8481,0.6506,False
Reinickendorf,Reinickendorf,buildings,U-Bahn,1.4,56910,,0,38.5793,21.7212,75.829,47.0883,0.8349,0.6191,False
Reinickendorf,Reinickendorf,buildings,Tram,1.0,56910,,0,99.2194,64.5091,146.2976,106.5731,0.9921,0.9446,False
Reinickendorf,Reinickendorf,buildings,Tram,1.3,56910,,0,76.3226,49.6224,112.5366,81.9793,0.9836,0.9049,False
Reinickendorf,Reinickendorf,buildings,Tram,1.4,56910,,0,70.871,46.0779,104.4983,76.1237,0.9802,0.8858,False
Reinickendorf,Reinickendorf,buildings,Bus,1.0,56910,,0,5.9957,3.7822,9.1746,6.8273,0.0427,0.0,False
Reinickendorf,Reinickendorf,buildings,Bus,1.3,56910,,0,4.6121,2.9093,7.0574,5.2517,0.0076,0.0,False
Reinickendorf,Reinickendorf,buildings,Bus,1.4,56910,,0,4.2826,2.7015,6.5533,4.8766,0.0039,0.0,False
Reinickendorf,Reinickendorf,buildings,Regionalbahn,1.0,56910,,0,161.8188,125.527,214.3765,163.7208,1.0,1.0,False
Reinickendorf,Reinickendorf,buildings,Regionalbahn,1.3,56910,,0,124.476,96.5592,164.905,125.9391,1.0,0.9965,False
Reinickendorf,Reinickendorf,buildings,Regionalbahn,1.4,56910,,0,115.5849,89.6621,153.126,116.9434,1.0,0.9934,False
Reinickendorf,Reinickendorf,buildings,S- or U-Bahn,1.0,56910,,0,21.5803,14.3046,32.3442,26.0602,0.7257,0.297,False
Reinickendorf,Reinickendorf,buildings,S- or U-Bahn,1.3,56910,,0,16.6002,11.0036,24.8802,20.0463,0.5703,0.1719,False
Reinickendorf,Reinickendorf,buildings,S- or U-Bahn,1.4,56910,,0,15.4145,10.2176,23.103,18.6144,0.5207,0.1479,False
Reinickendorf,Reinickendorf,buildings,Any mode,1.0,56910,,0,5.9517,3.7543,9.1309,6.7911,0.0425,0.0,False
Reinickendorf,Reinickendorf,buildings,Any mode,1.3,56910,,0,4.5782,2.888,7.0238,5.224,0.0076,0.0,False
Reinickendorf,Reinickendorf,buildings,Any mode,1.4,56910,,0,4.2512,2.6817,6.5221,4.8508,0.0039,0.0,False
Spandau,Spandau,buildings,S-Bahn,1.0,46119,,0,63.9948,43.6054,90.6994,82.5331,0.9752,0.8977,False
Spandau,Spandau,buildings,S-Bahn,1.3,46119,,0,49.2267,33.5426,69.7688,63.487,0.9588,0.8066,False
Spandau,Spandau,buildings,S-Bahn,1.4,46119,,0,45.7105,31.1467,64.7853,58.9522,0.9519,0.7682,False
Spandau,Spandau,buildings,U-Bahn,1.0,46119,,0,60.4426,39.1963,91.2607,78.855,0.9442,0.8369,False
Spandau,Spandau,buildings,U-Bahn,1.3,46119,,0,46.4943,30.151,70.2005,60.6577,0.9177,0.7522,False
Spandau,Spandau,buildings,U-Bahn,1.4,46119,,0,43.1733,27.9974,65.1862,56.325,0.9067,0.7155,False
Spandau,Spandau,buildings,Tram,1.0,46119,,0,214.191,187.294,253.5947,227.3527,1.0,1.0,False
Spandau,Spandau,buildings,Tram,1.3,46119,,0,164.7623,144.0723,195.0728,174.8867,1.0,1.0,False
Spandau,Spandau,buildings,Tram,1.4,46119,,0,152.9935,133.7814,181.1391,162.3948,1.0,1.0,False
Spandau,Spandau,buildings,Bus,1.0,46119,,0,5.5781,3.6203,8.2146,6.3825,0.0373,0.0017,False
Spandau,Spandau,buildings,Bus,1.3,46119,,0,4.2908,2.7849,6.3189,4.9096,0.0098,0.0001,False
Spandau,Spandau,buildings,Bus,1.4,46119,,0,3.9843,2.586,5.8676,4.5589,0.0063,0.0,False
Spandau,Spandau,buildings,Regionalbahn,1.0,46119,,0,57.0413,39.1584,83.9696,77.7669,0.9659,0.8638,False
Spandau,Spandau,buildings,Regionalbahn,1.3,46119,,0,43.8779,30.1218,64.592,59.8207,0.943,0.7521,False
Spandau,Spandau,buildings,Regionalbahn,1.4,46119,,0,40.7438,27.9703,59.9783,55.5478,0.9331,0.7106,False
Spandau,Spandau,buildings,S- or U-Bahn,1.0,46119,,0,58.5776,37.8347,89.4656,77.6115,0.9391,0.8252,False
Spandau,Spandau,buildings,S- or U-Bahn,1.3,46119,,0,45.0597,29.1036,68.8197,59.7012,0.9097,0.7347,False
Spandau,Spandau,buildings,S- or U-Bahn,1.4,46119,,0,41.8411,27.0248,63.904,55.4368,0.8978,0.6913,False
Spandau,Spandau,buildings,Any mode,1.0,46119,,0,5.5717,3.615,8.2057,6.3757,0.0369,0.0017,False
Spandau,Spandau,buildings,Any mode,1.3,46119,,0,4.2859,2.7807,6.3121,4.9044,0.0098,0.0001,False
Spandau,Spandau,buildings,Any mode,1.4,46119,,0,3.9798,2.5821,5.8612,4.554,0.0063,0.0,False
Steglitz-Zehlendorf,Steglitz-Zehlendorf,buildings,S-Bahn,1.0,58088,,0,22.6852,15.6213,32.6984,24.3526,0.7734,0.3154,False
Steglitz-Zehlendorf,Steglitz-Zehlendorf,buildings,S-Bahn,1.3,58088,,0,17.4502,12.0163,25.1526,18.7327,0.6024,0.1068,False
Steglitz-Zehlendorf,Steglitz-Zehlendorf,buildings,S-Bahn,1.4,58088,,0,16.2037,11.158,23.356,17.3947,0.5509,0.0699,False
Steglitz-Zehlendorf,Steglitz-Zehlendorf,buildings,U-Bahn,1.0,58088,,0,48.4424,25.7276,70.29,52.1065,0.8612,0.7151,False
Steglitz-Zehlendorf,Steglitz-Zehlendorf,buildings,U-Bahn,1.3,58088,,0,37.2634,19.7905,54.0692,40.0819,0.8096,0.6233,False
Steglitz-Zehlendorf,Steglitz-Zehlendorf,buildings,U-Bahn,1.4,58088,,0,34.6017,18.3769,50.2072,37.2189,0.7943,0.5863,False
Steglitz-Zehlendorf,Steglitz-Zehlendorf,buildings,Tram,1.0,58088,,0,192.4291,162.2871,210.853,183.3397,0.9996,0.9991,False
Steglitz-Zehlendorf,Steglitz-Zehlendorf,buildings,Tram,1.3,58088,,0,148.0224,124.8362,162.1946,141.0306,0.9993,0.9987,False
Steglitz-Zehlendorf,Steglitz-Zehlendorf,buildings,Tram,1.4,58088,,0,137.4493,115.9193,150.6093,130.957,0.9993,0.9987,False
Steglitz-Zehlendorf,Steglitz-Zehlendorf,buildings,Bus,1.0,58088,,0,5.2082,3.3867,7.3292,5.7556,0.0179,0.0024,False
Steglitz-Zehlendorf,Steglitz-Zehlendorf,buildings,Bus,1.3,58088,,0,4.0063,2.6051,5.6379,4.4274,0.0069,0.0007,False
Steglitz-Zehlendorf,Steglitz-Zehlendorf,buildings,Bus,1.4,58088,,0,3.7202,2.4191,5.2352,4.1111,0.0055,0.0001,False
Steglitz-Zehlendorf,Steglitz-Zehlendorf,buildings,Regionalbahn,1.0,58088,,0,55.9307,40.2751,78.739,58.8251,0.9695,0.8684,False
Steglitz-Zehlendorf,Steglitz-Zehlendorf,buildings,Regionalbahn,1.3,58088,,0,43.0236,30.9808,60.5685,45.2501,0.943,0.7659,False
Steglitz-Zehlendorf,Steglitz-Zehlendorf,buildings,Regionalbahn,1.4,58088,,0,39.9505,28.7679,56.2421,42.0179,0.9331,0.7272,False
Steglitz-Zehlendorf,Steglitz-Zehlendorf,buildings,S- or U-Bahn,1.0,58088,,0,18.8137,13.0088,29.0285,21.3383,0.6618,0.2333,False
Steglitz-Zehlendorf,Steglitz-Zehlendorf,buildings,S- or U-Bahn,1.3,58088,,0,14.4721,10.0068,22.3296,16.4141,0.4739,0.0705,False
Steglitz-Zehlendorf,Steglitz-Zehlendorf,buildings,S- or U-Bahn,1.4,58088,,0,13.4384,9.292,20.7346,15.2417,0.4247,0.0463,False
Steglitz-Zehlendorf,Steglitz-Zehlendorf,buildings,Any mode,1.0,58088,,0,5.1931,3.3697,7.3096,5.7405,0.0179,0.0024,False
Steglitz-Zehlendorf,Steglitz-Zehlendorf,buildings,Any mode,1.3,58088,,0,3.9947,2.5921,5.6228,4.4158,0.0069,0.0007,False
Steglitz-Zehlendorf,Steglitz-Zehlendorf,buildings,Any mode,1.4,58088,,0,3.7094,2.4069,5.2212,4.1004,0.0055,0.0001,False
Tempelhof-Schöneberg,Tempelhof-Schöneberg,buildings,S-Bahn,1.0,45485,,0,24.281,15.1377,34.0727,25.7323,0.7539,0.3434,False
Tempelhof-Schöneberg,Tempelhof-Schöneberg,buildings,S-Bahn,1.3,45485,,0,18.6777,11.6444,26.2098,19.7941,0.6263,0.1672,False
Tempelhof-Schöneberg,Tempelhof-Schöneberg,buildings,S-Bahn,1.4,45485,,0,17.3436,10.8127,24.3377,18.3802,0.5842,0.1273,False
Tempelhof-Schöneberg,Tempelhof-Schöneberg,buildings,U-Bahn,1.0,45485,,0,39.7745,15.8394,82.2391,49.5329,0.762,0.5657,False
Tempelhof-Schöneberg,Tempelhof-Schöneberg,buildings,U-Bahn,1.3,45485,,0,30.5958,12.1841,63.2609,38.1022,0.6977,0.506,False
Tempelhof-Schöneberg,Tempelhof-Schöneberg,buildings,U-Bahn,1.4,45485,,0,28.4104,11.3138,58.7422,35.3806,0.6746,0.4859,False
Tempelhof-Schöneberg,Tempelhof-Schöneberg,buildings,Tram,1.0,45485,,0,150.9044,121.4158,172.5913,145.4314,1.0,1.0,False
Tempelhof-Schöneberg,Tempelhof-Schöneberg,buildings,Tram,1.3,45485,,0,116.0803,93.3968,132.7626,111.8703,1.0,1.0,False
Tempelhof-Schöneberg,Tempelhof-Schöneberg,buildings,Tram,1.4,45485,,0,107.7888,86.7256,123.2795,103.8796,1.0,1.0,False
Tempelhof-Schöneberg,Tempelhof-Schöneberg,buildings,Bus,1.0,45485,,0,5.0536,3.3038,7.3772,5.7288,0.0172,0.0,False
Tempelhof-Schöneberg,Tempelhof-Schöneberg,buildings,Bus,1.3,45485,,0,3.8874,2.5414,5.6748,4.4068,0.002,0.0,False
Tempelhof-Schöneberg,Tempelhof-Schöneberg,buildings,Bus,1.4,45485,,0,3.6097,2.3598,5.2695,4.092,0.0011,0.0,False
Tempelhof-Schöneberg,Tempelhof-Schöneberg,buildings,Regionalbahn,1.0,45485,,0,83.1915,50.0903,117.3256,84.7668,0.9838,0.9005,False
Tempelhof-Schöneberg,Tempelhof-Schöneberg,buildings,Regionalbahn,1.3,45485,,0,63.9935,38.531,90.2505,65.2052,0.9684,0.8405,False
Tempelhof-Schöneberg,Tempelhof-Schöneberg,buildings,Regionalbahn,1.4,45485,,0,59.4225,35.7788,83.804,60.5477,0.9599,0.8168,False
Tempelhof-Schöneberg,Tempelhof-Schöneberg,buildings,S- or U-Bahn,1.0,45485,,0,18.5699,10.633,28.7135,20.3302,0.6062,0.2192,False
Tempelhof-Schöneberg,Tempelhof-Schöneberg,buildings,S- or U-Bahn,1.3,45485,,0,14.2845,8.1792,22.0873,15.6386,0.4701,0.077,False
Tempelhof-Schöneberg,Tempelhof-Schöneberg,buildings,S- or U-Bahn,1.4,45485,,0,13.2642,7.595,20.5096,14.5216,0.4276,0.0463,False
Tempelhof-Schöneberg,Tempelhof-Schöneberg,buildings,Any mode,1.0,45485,,0,5.0101,3.2685,7.3463,5.6994,0.0172,0.0,False
Tempelhof-Schöneberg,Tempelhof-Schöneberg,buildings,Any mode,1.3,45485,,0,3.854,2.5142,5.651,4.3841,0.0019,0.0,False
Tempelhof-Schöneberg,Tempelhof-Schöneberg,buildings,Any mode,1.4,45485,,0,3.5787,2.3346,5.2473,4.071,0.0011,0.0,False
Treptow-Köpenick,Treptow-Köpenick,buildings,S-Bahn,1.0,56037,,0,30.1183,19.2849,41.9142,36.815,0.8465,0.5026,False
Treptow-Köpenick,Treptow-Köpenick,buildings,S-Bahn,1.3,56037,,0,23.1679,14.8346,32.2417,28.3192,0.7451,0.2969,False
Treptow-Köpenick,Treptow-Köpenick,buildings,S-Bahn,1.4,56037,,0,21.5131,13.775,29.9387,26.2964,0.7107,0.2488,False
Treptow-Köpenick,Treptow-Köpenick,buildings,U-Bahn,1.0,56037,,0,108.6822,72.6674,169.602,128.231,1.0,0.9908,False
Treptow-Köpenick,Treptow-Köpenick,buildings,U-Bahn,1.3,56037,,0,83.6017,55.898,130.4631,98.6393,0.9997,0.9778,False
Treptow-Köpenick,Treptow-Köpenick,buildings,U-Bahn,1.4,56037,,0,77.6301,51.9053,121.1443,91.5936,0.9993,0.9696,False
Treptow-Köpenick,Treptow-Köpenick,buildings,Tram,1.0,56037,,0,22.4181,8.9173,40.6297,29.3733,0.6278,0.3949,False
Treptow-Köpenick,Treptow-Köpenick,buildings,Tram,1.3,56037,,0,17.2447,6.8595,31.2536,22.5949,0.5426,0.2688,False
Treptow-Köpenick,Treptow-Köpenick,buildings,Tram,1.4,56037,,0,16.0129,6.3695,29.0212,20.9809,0.5194,0.232,False
Treptow-Köpenick,Treptow-Köpenick,buildings,Bus,1.0,56037,,0,6.6416,4.1109,10.2323,7.9091,0.1,0.007,False
Treptow-Köpenick,Treptow-Köpenick,buildings,Bus,1.3,56037,,0,5.1089,3.1622,7.871,6.0839,0.0382,0.0016,False
Treptow-Köpenick,Treptow-Köpenick,buildings,Bus,1.4,56037,,0,4.744,2.9364,7.3088,5.6493,0.0279,0.0014,False
Treptow-Köpenick,Treptow-Köpenick,buildings,Regionalbahn,1.0,56037,,0,97.8578,58.5169,124.7073,95.7531,0.9862,0.947,False
Treptow-Köpenick,Treptow-Köpenick,buildings,Regionalbahn,1.3,56037,,0,75.2752,45.013,95.9287,73.6562,0.9794,0.8985,False
Treptow-Köpenick,Treptow-Köpenick,buildings,Regionalbahn,1.4,56037,,0,69.8984,41.7978,89.0766,68.3951,0.9766,0.8772,False
Treptow-Köpenick,Treptow-Köpenick,buildings,S- or U-Bahn,1.0,56037,,0,30.0027,19.2839,41.3186,36.665,0.8465,0.5,False
Treptow-Köpenick,Treptow-Köpenick,buildings,S- or U-Bahn,1.3,56037,,0,23.079,14.8338,31.7835,28.2039,0.745,0.2891,False
Treptow-Köpenick,Treptow-Köpenick,buildings,S- or U-Bahn,1.4,56037,,0,21.4305,13.7742,29.5133,26.1893,0.7104,0.2395,False
Treptow-Köpenick,Treptow-Köpenick,buildings,Any mode,1.0,56037,,0,6.3849,3.966,9.7908,7.6077,0.0882,0.0063,False
Treptow-Köpenick,Treptow-Köpenick,buildings,Any mode,1.3,56037,,0,4.9115,3.0508,7.5314,5.8521,0.0323,0.0013,False
Treptow-Köpenick,Treptow-Köpenick,buildings,Any mode,1.4,56037,,0,4.5607,2.8329,6.9934,5.4341,0.0236,0.0013,False
