district,mode,speed_mps,n_buildings,n_unreachable,median_min,p25_min,p75_min,mean_min,share_over_15min,share_over_30min
Berlin,S-Bahn,1.0,503622,0,28.3605,17.7954,44.4782,35.9283,0.8193,0.4668
Berlin,S-Bahn,1.3,503622,0,21.8158,13.6888,34.214,27.6372,0.7058,0.3158
Berlin,S-Bahn,1.4,503622,0,20.2575,12.711,31.7701,25.6631,0.668,0.2787
Berlin,U-Bahn,1.0,503622,0,47.0473,20.4296,82.6616,60.0748,0.8123,0.653
Berlin,U-Bahn,1.3,503622,0,36.1902,15.715,63.5858,46.2114,0.7611,0.571
Berlin,U-Bahn,1.4,503622,0,33.6052,14.5925,59.044,42.9105,0.7433,0.5434
Berlin,Tram,1.0,503622,0,62.259,19.8662,151.3562,89.1009,0.8,0.6667
Berlin,Tram,1.3,503622,0,47.8915,15.2817,116.4278,68.5392,0.7537,0.6106
Berlin,Tram,1.4,503622,0,44.4707,14.1902,108.1116,63.6435,0.7381,0.5925
Berlin,Bus,1.0,503622,0,5.6556,3.6361,8.4451,6.5868,0.0483,0.0017
Berlin,Bus,1.3,503622,0,4.3505,2.797,6.4962,5.0668,0.0145,0.0004
Berlin,Bus,1.4,503622,0,4.0397,2.5972,6.0322,4.7049,0.0095,0.0002
Berlin,Regionalbahn,1.0,503622,0,68.3541,42.8261,101.0102,79.2865,0.9686,0.8694
Berlin,Regionalbahn,1.3,503622,0,52.5801,32.9432,77.7002,60.9896,0.9459,0.7877
Berlin,Regionalbahn,1.4,503622,0,48.8243,30.5901,72.1502,56.6332,0.9368,0.7589
Charlottenburg-Wilmersdorf,S-Bahn,1.0,25349,0,19.3416,13.251,26.0886,20.2935,0.6743,0.1469
Charlottenburg-Wilmersdorf,S-Bahn,1.3,25349,0,14.8782,10.193,20.0681,15.6104,0.4938,0.0382
Charlottenburg-Wilmersdorf,S-Bahn,1.4,25349,0,13.8154,9.465,18.6347,14.4953,0.4335,0.0222
Charlottenburg-Wilmersdorf,U-Bahn,1.0,25349,0,15.8307,8.4396,29.4007,20.449,0.5187,0.2388
Charlottenburg-Wilmersdorf,U-Bahn,1.3,25349,0,12.1775,6.492,22.6159,15.73,0.4295,0.1316
Charlottenburg-Wilmersdorf,U-Bahn,1.4,25349,0,11.3077,6.0283,21.0005,14.6064,0.3959,0.1064
Charlottenburg-Wilmersdorf,Tram,1.0,25349,0,89.2113,58.5431,118.1531,89.1259,1.0,0.9874
Charlottenburg-Wilmersdorf,Tram,1.3,25349,0,68.6241,45.0332,90.887,68.5584,0.9993,0.9389
Charlottenburg-Wilmersdorf,Tram,1.4,25349,0,63.7224,41.8165,84.395,63.6613,0.9986,0.9123
Charlottenburg-Wilmersdorf,Bus,1.0,25349,0,5.0478,3.3356,7.2548,5.8504,0.0359,0.0034
Charlottenburg-Wilmersdorf,Bus,1.3,25349,0,3.8829,2.5659,5.5806,4.5003,0.0131,0.0001
Charlottenburg-Wilmersdorf,Bus,1.4,25349,0,3.6055,2.3826,5.182,4.1788,0.0074,0.0
Charlottenburg-Wilmersdorf,Regionalbahn,1.0,25349,0,44.0412,28.6956,61.2735,45.0327,0.9417,0.7263
Charlottenburg-Wilmersdorf,Regionalbahn,1.3,25349,0,33.8779,22.0736,47.1335,34.6405,0.8903,0.581
Charlottenburg-Wilmersdorf,Regionalbahn,1.4,25349,0,31.458,20.4969,43.7668,32.1662,0.8719,0.5349
Friedrichshain-Kreuzberg,S-Bahn,1.0,12635,0,23.7202,15.6641,32.4001,24.6972,0.7742,0.3152
Friedrichshain-Kreuzberg,S-Bahn,1.3,12635,0,18.2463,12.0493,24.9232,18.9979,0.6096,0.1235
Friedrichshain-Kreuzberg,S-Bahn,1.4,12635,0,16.943,11.1886,23.143,17.6409,0.5651,0.0901
Friedrichshain-Kreuzberg,U-Bahn,1.0,12635,0,9.5067,6.7537,12.5146,10.57,0.1497,0.021
Friedrichshain-Kreuzberg,U-Bahn,1.3,12635,0,7.3128,5.1952,9.6266,8.1308,0.068,0.0104
Friedrichshain-Kreuzberg,U-Bahn,1.4,12635,0,6.7905,4.8241,8.939,7.55,0.0494,0.0056
Friedrichshain-Kreuzberg,Tram,1.0,12635,0,33.1967,9.2305,52.7246,32.8678,0.6982,0.5424
Friedrichshain-Kreuzberg,Tram,1.3,12635,0,25.536,7.1004,40.5574,25.283,0.6598,0.4279
Friedrichshain-Kreuzberg,Tram,1.4,12635,0,23.712,6.5932,37.6604,23.477,0.6416,0.3889
Friedrichshain-Kreuzberg,Bus,1.0,12635,0,4.2947,2.8466,6.294,4.839,0.0002,0.0
Friedrichshain-Kreuzberg,Bus,1.3,12635,0,3.3036,2.1897,4.8415,3.7223,0.0,0.0
Friedrichshain-Kreuzberg,Bus,1.4,12635,0,3.0676,2.0333,4.4957,3.4564,0.0,0.0
Friedrichshain-Kreuzberg,Regionalbahn,1.0,12635,0,33.8687,25.3309,41.7674,33.4253,0.9371,0.6132
Friedrichshain-Kreuzberg,Regionalbahn,1.3,12635,0,26.0528,19.4853,32.1288,25.7117,0.8807,0.3328
Friedrichshain-Kreuzberg,Regionalbahn,1.4,12635,0,24.1919,18.0935,29.8339,23.8752,0.8529,0.2435
Lichtenberg,S-Bahn,1.0,26319,0,25.3914,17.0481,34.1229,26.6544,0.8075,0.3599
Lichtenberg,S-Bahn,1.3,26319,0,19.5318,13.1139,26.2484,20.5034,0.6819,0.1744
Lichtenberg,S-Bahn,1.4,26319,0,18.1367,12.1772,24.3735,19.0388,0.6359,0.133
Lichtenberg,U-Bahn,1.0,26319,0,51.2761,25.4542,100.4292,63.7375,0.9085,0.692
Lichtenberg,U-Bahn,1.3,26319,0,39.4431,19.5802,77.2532,49.0288,0.85,0.6162
Lichtenberg,U-Bahn,1.4,26319,0,36.6258,18.1816,71.7351,45.5268,0.8228,0.584
Lichtenberg,Tram,1.0,26319,0,10.9275,6.4439,19.0943,13.7286,0.3448,0.0892
Lichtenberg,Tram,1.3,26319,0,8.4058,4.9568,14.6879,10.5605,0.241,0.0169
Lichtenberg,Tram,1.4,26319,0,7.8053,4.6028,13.6388,9.8062,0.2078,0.0103
Lichtenberg,Bus,1.0,26319,0,6.2867,3.9864,9.6763,7.4714,0.0839,0.0005
Lichtenberg,Bus,1.3,26319,0,4.8359,3.0665,7.4433,5.7472,0.0347,0.0
Lichtenberg,Bus,1.4,26319,0,4.4905,2.8474,6.9117,5.3367,0.024,0.0
Lichtenberg,Regionalbahn,1.0,26319,0,38.488,25.2517,58.7162,42.6464,0.9406,0.6511
Lichtenberg,Regionalbahn,1.3,26319,0,29.6061,19.4244,45.1663,32.805,0.8818,0.4939
Lichtenberg,Regionalbahn,1.4,26319,0,27.4914,18.0369,41.9401,30.4617,0.8522,0.4645
Marzahn-Hellersdorf,S-Bahn,1.0,44435,0,30.1274,20.4618,42.1507,31.638,0.8751,0.5029
Marzahn-Hellersdorf,S-Bahn,1.3,44435,0,23.1749,15.7398,32.4236,24.3369,0.7741,0.3168
Marzahn-Hellersdorf,S-Bahn,1.4,44435,0,21.5196,14.6156,30.1077,22.5986,0.7364,0.2528
Marzahn-Hellersdorf,U-Bahn,1.0,44435,0,41.4784,27.0449,62.0949,44.8285,0.9146,0.7003
Marzahn-Hellersdorf,U-Bahn,1.3,44435,0,31.9064,20.8038,47.7653,34.4834,0.8652,0.5432
Marzahn-Hellersdorf,U-Bahn,1.4,44435,0,29.6274,19.3178,44.3535,32.0203,0.8449,0.4922
Marzahn-Hellersdorf,Tram,1.0,44435,0,22.7024,12.4877,36.845,25.1465,0.6807,0.3648
Marzahn-Hellersdorf,Tram,1.3,44435,0,17.4634,9.6059,28.3423,19.3435,0.5721,0.2149
Marzahn-Hellersdorf,Tram,1.4,44435,0,16.216,8.9198,26.3179,17.9618,0.5385,0.1692
Marzahn-Hellersdorf,Bus,1.0,44435,0,5.9423,3.9196,8.3597,6.4377,0.0265,0.0
Marzahn-Hellersdorf,Bus,1.3,44435,0,4.571,3.0151,6.4305,4.9521,0.0006,0.0
Marzahn-Hellersdorf,Bus,1.4,44435,0,4.2445,2.7997,5.9712,4.5984,0.0003,0.0
Marzahn-Hellersdorf,Regionalbahn,1.0,44435,0,61.188,38.2406,76.0614,57.5531,0.9657,0.8417
Marzahn-Hellersdorf,Regionalbahn,1.3,44435,0,47.0677,29.4158,58.5088,44.2716,0.9366,0.7406
Marzahn-Hellersdorf,Regionalbahn,1.4,44435,0,43.7057,27.3147,54.3296,41.1093,0.926,0.7069
Mitte,S-Bahn,1.0,24866,0,15.4735,9.8686,22.3364,18.2565,0.5214,0.1379
Mitte,S-Bahn,1.3,24866,0,11.9027,7.5912,17.1818,14.0435,0.3348,0.0919
Mitte,S-Bahn,1.4,24866,0,11.0525,7.049,15.9546,13.0404,0.2869,0.0674
Mitte,U-Bahn,1.0,24866,0,9.395,6.9013,14.0531,11.1671,0.2164,0.0212
Mitte,U-Bahn,1.3,24866,0,7.2269,5.3087,10.8101,8.5901,0.1023,0.0071
Mitte,U-Bahn,1.4,24866,0,6.7107,4.9295,10.0379,7.9765,0.0755,0.0017
Mitte,Tram,1.0,24866,0,14.7931,7.6395,21.9094,16.5633,0.4946,0.1103
Mitte,Tram,1.3,24866,0,11.3793,5.8766,16.8534,12.741,0.3755,0.0477
Mitte,Tram,1.4,24866,0,10.5665,5.4568,15.6496,11.8309,0.3071,0.0388
Mitte,Bus,1.0,24866,0,4.8758,3.2335,6.4042,5.4257,0.0328,0.0004
Mitte,Bus,1.3,24866,0,3.7506,2.4873,4.9263,4.1736,0.0082,0.0
Mitte,Bus,1.4,24866,0,3.4827,2.3096,4.5744,3.8755,0.0046,0.0
Mitte,Regionalbahn,1.0,24866,0,32.6981,20.5104,43.6195,34.5372,0.8331,0.5633
Mitte,Regionalbahn,1.3,24866,0,25.1524,15.7772,33.5535,26.5671,0.7658,0.3518
Mitte,Regionalbahn,1.4,24866,0,23.3558,14.6503,31.1568,24.6695,0.7428,0.2857
Neukölln,S-Bahn,1.0,40602,0,60.633,41.6614,72.2927,55.8814,0.9243,0.8276
Neukölln,S-Bahn,1.3,40602,0,46.6408,32.0472,55.6098,42.9857,0.8927,0.769
Neukölln,S-Bahn,1.4,40602,0,43.3093,29.7581,51.6376,39.9153,0.8821,0.7475
Neukölln,U-Bahn,1.0,40602,0,21.3506,11.764,32.3192,23.1674,0.6591,0.297
Neukölln,U-Bahn,1.3,40602,0,16.4235,9.0492,24.8609,17.8211,0.551,0.1376
Neukölln,U-Bahn,1.4,40602,0,15.2504,8.4028,23.0851,16.5482,0.5087,0.1013
Neukölln,Tram,1.0,40602,0,73.1041,54.3802,95.07,77.211,1.0,0.9899
Neukölln,Tram,1.3,40602,0,56.2339,41.831,73.1308,59.3931,1.0,0.9314
Neukölln,Tram,1.4,40602,0,52.2172,38.843,67.9072,55.1507,0.9998,0.8937
Neukölln,Bus,1.0,40602,0,5.1079,3.3267,7.4116,5.7092,0.0143,0.0
Neukölln,Bus,1.3,40602,0,3.9291,2.559,5.7012,4.3917,0.0012,0.0
Neukölln,Bus,1.4,40602,0,3.6485,2.3762,5.294,4.078,0.0003,0.0
Neukölln,Regionalbahn,1.0,40602,0,91.2827,72.84,109.6017,91.141,1.0,1.0
Neukölln,Regionalbahn,1.3,40602,0,70.2174,56.0308,84.309,70.1085,1.0,0.9997
Neukölln,Regionalbahn,1.4,40602,0,65.2019,52.0286,78.2869,65.1007,1.0,0.9987
Pankow,S-Bahn,1.0,66780,0,32.4023,20.8584,47.0993,34.7875,0.8677,0.5464
Pankow,S-Bahn,1.3,66780,0,24.9249,16.0449,36.2302,26.7596,0.7808,0.3813
Pankow,S-Bahn,1.4,66780,0,23.1445,14.8989,33.6424,24.8482,0.7469,0.3358
Pankow,U-Bahn,1.0,66780,0,67.5364,43.4474,98.4666,72.8074,0.9346,0.8429
Pankow,U-Bahn,1.3,66780,0,51.9511,33.421,75.7436,56.0057,0.9055,0.7829
Pankow,U-Bahn,1.4,66780,0,48.2403,31.0338,70.3333,52.0053,0.8955,0.7605
Pankow,Tram,1.0,66780,0,16.0604,7.8455,30.3029,25.6414,0.5273,0.2525
Pankow,Tram,1.3,66780,0,12.3542,6.035,23.3099,19.7241,0.4222,0.1963
Pankow,Tram,1.4,66780,0,11.4717,5.604,21.6449,18.3153,0.3912,0.1839
Pankow,Bus,1.0,66780,0,6.9158,4.3124,10.6568,8.048,0.1056,0.0017
Pankow,Bus,1.3,66780,0,5.3198,3.3173,8.1975,6.1907,0.034,0.0008
Pankow,Bus,1.4,66780,0,4.9398,3.0803,7.612,5.7485,0.0208,0.0005
Pankow,Regionalbahn,1.0,66780,0,70.8187,51.693,85.4162,68.6685,0.9781,0.9181
Pankow,Regionalbahn,1.3,66780,0,54.4759,39.7638,65.7048,52.822,0.9598,0.8692
Pankow,Regionalbahn,1.4,66780,0,50.5848,36.9235,61.0116,49.049,0.9547,0.8446
Reinickendorf,S-Bahn,1.0,56910,0,23.6138,16.5292,33.6864,29.1761,0.8005,0.3259
Reinickendorf,S-Bahn,1.3,56910,0,18.1645,12.7148,25.9126,22.4432,0.6452,0.1975
Reinickendorf,S-Bahn,1.4,56910,0,16.867,11.8066,24.0617,20.8401,0.5922,0.1799
Reinickendorf,U-Bahn,1.0,56910,0,54.0108,30.4099,106.1554,65.9225,0.8904,0.755
Reinickendorf,U-Bahn,1.3,56910,0,41.5468,23.3922,81.658,50.7096,0.8481,0.6506
Reinickendorf,U-Bahn,1.4,56910,0,38.5791,21.7213,75.8253,47.0875,0.8349,0.6191
Reinickendorf,Tram,1.0,56910,0,99.219,64.5063,146.2845,106.5711,0.9921,0.9446
Reinickendorf,Tram,1.3,56910,0,76.3223,49.6202,112.5266,81.9778,0.9836,0.9049
Reinickendorf,Tram,1.4,56910,0,70.8707,46.0759,104.489,76.1222,0.9802,0.8858
Reinickendorf,Bus,1.0,56910,0,5.9958,3.7823,9.1746,6.8273,0.0427,0.0
Reinickendorf,Bus,1.3,56910,0,4.6121,2.9094,7.0574,5.2517,0.0076,0.0
Reinickendorf,Bus,1.4,56910,0,4.2827,2.7016,6.5533,4.8766,0.0039,0.0
Reinickendorf,Regionalbahn,1.0,56910,0,161.8178,125.5267,214.3731,163.7189,1.0,1.0
Reinickendorf,Regionalbahn,1.3,56910,0,124.4753,96.559,164.9024,125.9376,1.0,0.9965
Reinickendorf,Regionalbahn,1.4,56910,0,115.5842,89.6619,153.1237,116.9421,1.0,0.9934
Spandau,S-Bahn,1.0,46119,0,63.9948,43.606,90.6991,82.5331,0.9752,0.8977
Spandau,S-Bahn,1.3,46119,0,49.2267,33.5431,69.7685,63.487,0.9588,0.8066
Spandau,S-Bahn,1.4,46119,0,45.7105,31.1471,64.7851,58.9522,0.9519,0.7682
Spandau,U-Bahn,1.0,46119,0,60.4426,39.1997,91.2559,78.855,0.9442,0.8369
Spandau,U-Bahn,1.3,46119,0,46.4943,30.1536,70.1968,60.6577,0.9177,0.7522
Spandau,U-Bahn,1.4,46119,0,43.1733,27.9998,65.1828,56.325,0.9067,0.7155
Spandau,Tram,1.0,46119,0,214.191,187.2941,253.5907,227.3527,1.0,1.0
Spandau,Tram,1.3,46119,0,164.7623,144.0724,195.0698,174.8867,1.0,1.0
Spandau,Tram,1.4,46119,0,152.9935,133.7815,181.1362,162.3948,1.0,1.0
Spandau,Bus,1.0,46119,0,5.5781,3.6205,8.2143,6.3825,0.0373,0.0017
Spandau,Bus,1.3,46119,0,4.2908,2.785,6.3187,4.9096,0.0098,0.0001
Spandau,Bus,1.4,46119,0,3.9843,2.5861,5.8674,4.5589,0.0063,0.0
Spandau,Regionalbahn,1.0,46119,0,57.0413,39.1588,83.9648,77.7669,0.9659,0.8638
Spandau,Regionalbahn,1.3,46119,0,43.8779,30.1221,64.5883,59.8207,0.943,0.7521
Spandau,Regionalbahn,1.4,46119,0,40.7438,27.9705,59.9749,55.5478,0.9331,0.7106
Steglitz-Zehlendorf,S-Bahn,1.0,58084,0,22.6831,15.6212,32.6972,24.3515,0.7733,0.3154
Steglitz-Zehlendorf,S-Bahn,1.3,58084,0,17.4486,12.0163,25.1517,18.7319,0.6024,0.1068
Steglitz-Zehlendorf,S-Bahn,1.4,58084,0,16.2022,11.158,23.3552,17.3939,0.5509,0.07
Steglitz-Zehlendorf,U-Bahn,1.0,58084,0,48.446,25.7261,70.2907,52.1062,0.8612,0.7151
Steglitz-Zehlendorf,U-Bahn,1.3,58084,0,37.2661,19.7893,54.0698,40.0817,0.8096,0.6232
Steglitz-Zehlendorf,U-Bahn,1.4,58084,0,34.6043,18.3758,50.2077,37.2187,0.7943,0.5863
Steglitz-Zehlendorf,Tram,1.0,58084,0,192.429,162.2863,210.8539,183.3387,0.9996,0.9991
Steglitz-Zehlendorf,Tram,1.3,58084,0,148.0223,124.8356,162.1953,141.0297,0.9993,0.9987
Steglitz-Zehlendorf,Tram,1.4,58084,0,137.4493,115.9188,150.61,130.9562,0.9993,0.9987
Steglitz-Zehlendorf,Bus,1.0,58084,0,5.2082,3.3866,7.329,5.7551,0.0178,0.0024
Steglitz-Zehlendorf,Bus,1.3,58084,0,4.0063,2.6051,5.6377,4.427,0.0069,0.0007
Steglitz-Zehlendorf,Bus,1.4,58084,0,3.7201,2.419,5.235,4.1108,0.0055,0.0001
Steglitz-Zehlendorf,Regionalbahn,1.0,58084,0,55.9307,40.2763,78.7405,58.8254,0.9695,0.8684
Steglitz-Zehlendorf,Regionalbahn,1.3,58084,0,43.0236,30.9818,60.5696,45.2503,0.943,0.7659
Steglitz-Zehlendorf,Regionalbahn,1.4,58084,0,39.9505,28.7688,56.2432,42.0182,0.9331,0.7272
Tempelhof-Schöneberg,S-Bahn,1.0,45489,0,24.2849,15.1378,34.076,25.7334,0.7539,0.3434
Tempelhof-Schöneberg,S-Bahn,1.3,45489,0,18.6807,11.6445,26.2123,19.7949,0.6263,0.1672
Tempelhof-Schöneberg,S-Bahn,1.4,45489,0,17.3464,10.8127,24.34,18.381,0.5842,0.1272
Tempelhof-Schöneberg,U-Bahn,1.0,45489,0,39.7857,15.8407,82.2391,49.5336,0.7621,0.5657
Tempelhof-Schöneberg,U-Bahn,1.3,45489,0,30.6044,12.1851,63.2609,38.1028,0.6977,0.506
Tempelhof-Schöneberg,U-Bahn,1.4,45489,0,28.4183,11.3148,58.7422,35.3812,0.6746,0.486
Tempelhof-Schöneberg,Tram,1.0,45489,0,150.9069,121.4272,172.5975,145.4363,1.0,1.0
Tempelhof-Schöneberg,Tram,1.3,45489,0,116.0822,93.4055,132.7673,111.8741,1.0,1.0
Tempelhof-Schöneberg,Tram,1.4,45489,0,107.7906,86.7337,123.284,103.8831,1.0,1.0
Tempelhof-Schöneberg,Bus,1.0,45489,0,5.0537,3.3038,7.3775,5.7296,0.0173,0.0
Tempelhof-Schöneberg,Bus,1.3,45489,0,3.8875,2.5414,5.675,4.4074,0.002,0.0
Tempelhof-Schöneberg,Bus,1.4,45489,0,3.6098,2.3599,5.2696,4.0926,0.0011,0.0
Tempelhof-Schöneberg,Regionalbahn,1.0,45489,0,83.1871,50.0903,117.3211,84.764,0.9838,0.9005
Tempelhof-Schöneberg,Regionalbahn,1.3,45489,0,63.9901,38.531,90.247,65.2031,0.9684,0.8405
Tempelhof-Schöneberg,Regionalbahn,1.4,45489,0,59.4194,35.7788,83.8008,60.5457,0.9599,0.8168
Treptow-Köpenick,S-Bahn,1.0,56034,0,30.118,19.2853,41.9123,36.8118,0.8465,0.5026
Treptow-Köpenick,S-Bahn,1.3,56034,0,23.1677,14.8348,32.2402,28.3168,0.7451,0.2969
Treptow-Köpenick,S-Bahn,1.4,56034,0,21.5129,13.7752,29.9374,26.2942,0.7107,0.2488
Treptow-Köpenick,U-Bahn,1.0,56034,0,108.682,72.6678,169.553,128.2268,1.0,0.9908
Treptow-Köpenick,U-Bahn,1.3,56034,0,83.6016,55.8983,130.4254,98.636,0.9997,0.9778
Treptow-Köpenick,U-Bahn,1.4,56034,0,77.63,51.9056,121.1093,91.5906,0.9993,0.9696
Treptow-Köpenick,Tram,1.0,56034,0,22.4158,8.9166,40.6197,29.3711,0.6278,0.3948
Treptow-Köpenick,Tram,1.3,56034,0,17.2429,6.8589,31.2459,22.5931,0.5426,0.2688
Treptow-Köpenick,Tram,1.4,56034,0,16.0113,6.369,29.0141,20.9793,0.5194,0.2319
Treptow-Köpenick,Bus,1.0,56034,0,6.6415,4.1108,10.232,7.9086,0.0999,0.007
Treptow-Köpenick,Bus,1.3,56034,0,5.1088,3.1622,7.8708,6.0835,0.0382,0.0016
Treptow-Köpenick,Bus,1.4,56034,0,4.7439,2.9363,7.3086,5.649,0.0279,0.0014
Treptow-Köpenick,Regionalbahn,1.0,56034,0,97.857,58.5169,124.7015,95.7518,0.9862,0.947
Treptow-Köpenick,Regionalbahn,1.3,56034,0,75.2747,45.013,95.9243,73.6552,0.9794,0.8985
Treptow-Köpenick,Regionalbahn,1.4,56034,0,69.8979,41.7978,89.0725,68.3941,0.9766,0.8772
