district,transit,measure,rho_buildings,n_buildings,rho_planungsraeume,n_planungsraeume
Berlin,walk_su_min,nain_800,0.043,331872,-0.093,537
Berlin,walk_su_min,nain_2000,0.042,331872,-0.072,537
Berlin,walk_su_min,nach_800,-0.108,331872,-0.374,537
Berlin,walk_su_min,nach_2000,-0.108,331872,-0.377,537
Berlin,walk_su_min,cc_harmonic_800,-0.321,331872,-0.209,537
Berlin,walk_frequent_any_min,nain_800,-0.002,331872,-0.037,537
Berlin,walk_frequent_any_min,nain_2000,-0.14,331872,-0.12,537
Berlin,walk_frequent_any_min,nach_800,-0.143,331872,-0.266,537
Berlin,walk_frequent_any_min,nach_2000,-0.154,331872,-0.221,537
Berlin,walk_frequent_any_min,cc_harmonic_800,-0.428,331872,-0.329,537
Charlottenburg-Wilmersdorf,walk_su_min,nain_800,-0.059,17250,-0.241,52
Charlottenburg-Wilmersdorf,walk_su_min,nain_2000,-0.088,17250,-0.209,52
Charlottenburg-Wilmersdorf,walk_su_min,nach_800,-0.131,17250,-0.37,52
Charlottenburg-Wilmersdorf,walk_su_min,nach_2000,-0.143,17250,-0.449,52
Charlottenburg-Wilmersdorf,walk_su_min,cc_harmonic_800,-0.252,17250,-0.281,52
Charlottenburg-Wilmersdorf,walk_frequent_any_min,nain_800,-0.146,17250,-0.102,52
Charlottenburg-Wilmersdorf,walk_frequent_any_min,nain_2000,-0.293,17250,-0.136,52
Charlottenburg-Wilmersdorf,walk_frequent_any_min,nach_800,-0.191,17250,-0.259,52
Charlottenburg-Wilmersdorf,walk_frequent_any_min,nach_2000,-0.195,17250,-0.245,52
Charlottenburg-Wilmersdorf,walk_frequent_any_min,cc_harmonic_800,-0.367,17250,-0.283,52
Friedrichshain-Kreuzberg,walk_su_min,nain_800,0.038,9564,0.178,36
Friedrichshain-Kreuzberg,walk_su_min,nain_2000,-0.019,9564,-0.039,36
Friedrichshain-Kreuzberg,walk_su_min,nach_800,-0.133,9564,-0.293,36
Friedrichshain-Kreuzberg,walk_su_min,nach_2000,-0.115,9564,-0.249,36
Friedrichshain-Kreuzberg,walk_su_min,cc_harmonic_800,-0.332,9564,-0.398,36
Friedrichshain-Kreuzberg,walk_frequent_any_min,nain_800,-0.175,9564,-0.168,36
Friedrichshain-Kreuzberg,walk_frequent_any_min,nain_2000,-0.133,9564,-0.1,36
Friedrichshain-Kreuzberg,walk_frequent_any_min,nach_800,-0.171,9564,-0.215,36
Friedrichshain-Kreuzberg,walk_frequent_any_min,nach_2000,-0.148,9564,-0.065,36
Friedrichshain-Kreuzberg,walk_frequent_any_min,cc_harmonic_800,-0.152,9564,-0.087,36
Lichtenberg,walk_su_min,nain_800,0.104,13921,0.069,41
Lichtenberg,walk_su_min,nain_2000,0.123,13921,0.109,41
Lichtenberg,walk_su_min,nach_800,-0.042,13921,-0.218,41
Lichtenberg,walk_su_min,nach_2000,-0.001,13921,-0.144,41
Lichtenberg,walk_su_min,cc_harmonic_800,-0.308,13921,-0.388,41
Lichtenberg,walk_frequent_any_min,nain_800,-0.12,13921,-0.019,41
Lichtenberg,walk_frequent_any_min,nain_2000,-0.317,13921,-0.197,41
Lichtenberg,walk_frequent_any_min,nach_800,-0.161,13921,-0.287,41
Lichtenberg,walk_frequent_any_min,nach_2000,-0.203,13921,-0.19,41
Lichtenberg,walk_frequent_any_min,cc_harmonic_800,-0.258,13921,-0.185,41
Marzahn-Hellersdorf,walk_su_min,nain_800,0.403,32525,0.44,41
Marzahn-Hellersdorf,walk_su_min,nain_2000,0.601,32525,0.41,41
Marzahn-Hellersdorf,walk_su_min,nach_800,0.071,32525,0.293,41
Marzahn-Hellersdorf,walk_su_min,nach_2000,0.139,32525,0.446,41
Marzahn-Hellersdorf,walk_su_min,cc_harmonic_800,-0.329,32525,-0.406,41
Marzahn-Hellersdorf,walk_frequent_any_min,nain_800,0.155,32525,0.577,41
Marzahn-Hellersdorf,walk_frequent_any_min,nain_2000,0.08,32525,0.271,41
Marzahn-Hellersdorf,walk_frequent_any_min,nach_800,-0.066,32525,0.322,41
Marzahn-Hellersdorf,walk_frequent_any_min,nach_2000,-0.025,32525,0.483,41
Marzahn-Hellersdorf,walk_frequent_any_min,cc_harmonic_800,-0.381,32525,-0.658,41
Mitte,walk_su_min,nain_800,-0.068,14136,-0.129,49
Mitte,walk_su_min,nain_2000,-0.171,14136,-0.24,49
Mitte,walk_su_min,nach_800,-0.07,14136,-0.173,49
Mitte,walk_su_min,nach_2000,-0.116,14136,-0.055,49
Mitte,walk_su_min,cc_harmonic_800,-0.302,14136,-0.342,49
Mitte,walk_frequent_any_min,nain_800,-0.159,14136,-0.089,49
Mitte,walk_frequent_any_min,nain_2000,-0.207,14136,-0.102,49
Mitte,walk_frequent_any_min,nach_800,-0.079,14136,0.09,49
Mitte,walk_frequent_any_min,nach_2000,-0.195,14136,-0.182,49
Mitte,walk_frequent_any_min,cc_harmonic_800,-0.03,14136,0.096,49
Neukölln,walk_su_min,nain_800,-0.029,27274,0.139,46
Neukölln,walk_su_min,nain_2000,-0.115,27274,0.099,46
Neukölln,walk_su_min,nach_800,-0.148,27274,-0.444,46
Neukölln,walk_su_min,nach_2000,-0.141,27274,-0.439,46
Neukölln,walk_su_min,cc_harmonic_800,-0.458,27274,-0.365,46
Neukölln,walk_frequent_any_min,nain_800,-0.023,27274,-0.004,46
Neukölln,walk_frequent_any_min,nain_2000,-0.21,27274,-0.025,46
Neukölln,walk_frequent_any_min,nach_800,-0.156,27274,-0.431,46
Neukölln,walk_frequent_any_min,nach_2000,-0.182,27274,-0.332,46
Neukölln,walk_frequent_any_min,cc_harmonic_800,-0.383,27274,-0.453,46
Pankow,walk_su_min,nain_800,-0.079,39131,-0.251,58
Pankow,walk_su_min,nain_2000,-0.119,39131,-0.223,58
Pankow,walk_su_min,nach_800,-0.17,39131,-0.545,58
Pankow,walk_su_min,nach_2000,-0.161,39131,-0.416,58
Pankow,walk_su_min,cc_harmonic_800,-0.357,39131,-0.356,58
Pankow,walk_frequent_any_min,nain_800,-0.093,39131,-0.285,58
Pankow,walk_frequent_any_min,nain_2000,-0.336,39131,-0.408,58
Pankow,walk_frequent_any_min,nach_800,-0.197,39131,-0.584,58
Pankow,walk_frequent_any_min,nach_2000,-0.24,39131,-0.467,58
Pankow,walk_frequent_any_min,cc_harmonic_800,-0.555,39131,-0.471,58
Reinickendorf,walk_su_min,nain_800,0.073,35808,-0.152,36
Reinickendorf,walk_su_min,nain_2000,-0.114,35808,-0.298,36
Reinickendorf,walk_su_min,nach_800,-0.071,35808,-0.195,36
Reinickendorf,walk_su_min,nach_2000,-0.091,35808,-0.228,36
Reinickendorf,walk_su_min,cc_harmonic_800,-0.379,35808,-0.055,36
Reinickendorf,walk_frequent_any_min,nain_800,-0.04,35808,0.113,36
Reinickendorf,walk_frequent_any_min,nain_2000,-0.18,35808,-0.086,36
Reinickendorf,walk_frequent_any_min,nach_800,-0.124,35808,-0.024,36
Reinickendorf,walk_frequent_any_min,nach_2000,-0.15,35808,0.034,36
Reinickendorf,walk_frequent_any_min,cc_harmonic_800,-0.343,35808,-0.58,36
Spandau,walk_su_min,nain_800,0.035,30242,-0.041,44
Spandau,walk_su_min,nain_2000,0.007,30242,-0.089,44
Spandau,walk_su_min,nach_800,-0.083,30242,-0.169,44
Spandau,walk_su_min,nach_2000,-0.073,30242,-0.09,44
Spandau,walk_su_min,cc_harmonic_800,-0.319,30242,-0.248,44
Spandau,walk_frequent_any_min,nain_800,-0.106,30242,-0.261,44
Spandau,walk_frequent_any_min,nain_2000,-0.257,30242,-0.373,44
Spandau,walk_frequent_any_min,nach_800,-0.189,30242,-0.581,44
Spandau,walk_frequent_any_min,nach_2000,-0.194,30242,-0.467,44
Spandau,walk_frequent_any_min,cc_harmonic_800,-0.392,30242,-0.77,44
Steglitz-Zehlendorf,walk_su_min,nain_800,-0.051,42696,-0.166,43
Steglitz-Zehlendorf,walk_su_min,nain_2000,0.033,42696,0.138,43
Steglitz-Zehlendorf,walk_su_min,nach_800,-0.084,42696,-0.361,43
Steglitz-Zehlendorf,walk_su_min,nach_2000,-0.085,42696,-0.464,43
Steglitz-Zehlendorf,walk_su_min,cc_harmonic_800,0.045,42696,0.084,43
Steglitz-Zehlendorf,walk_frequent_any_min,nain_800,-0.077,42696,-0.068,43
Steglitz-Zehlendorf,walk_frequent_any_min,nain_2000,-0.203,42696,-0.047,43
Steglitz-Zehlendorf,walk_frequent_any_min,nach_800,-0.115,42696,-0.252,43
Steglitz-Zehlendorf,walk_frequent_any_min,nach_2000,-0.127,42696,-0.177,43
Steglitz-Zehlendorf,walk_frequent_any_min,cc_harmonic_800,-0.308,42696,-0.368,43
Tempelhof-Schöneberg,walk_su_min,nain_800,0.027,29948,-0.043,48
Tempelhof-Schöneberg,walk_su_min,nain_2000,0.097,29948,0.148,48
Tempelhof-Schöneberg,walk_su_min,nach_800,-0.083,29948,-0.417,48
Tempelhof-Schöneberg,walk_su_min,nach_2000,-0.106,29948,-0.464,48
Tempelhof-Schöneberg,walk_su_min,cc_harmonic_800,-0.117,29948,0.008,48
Tempelhof-Schöneberg,walk_frequent_any_min,nain_800,0.117,29948,0.291,48
Tempelhof-Schöneberg,walk_frequent_any_min,nain_2000,-0.005,29948,0.239,48
Tempelhof-Schöneberg,walk_frequent_any_min,nach_800,-0.071,29948,0.03,48
Tempelhof-Schöneberg,walk_frequent_any_min,nach_2000,-0.102,29948,-0.016,48
Tempelhof-Schöneberg,walk_frequent_any_min,cc_harmonic_800,-0.317,29948,-0.114,48
Treptow-Köpenick,walk_su_min,nain_800,0.083,39377,0.023,43
Treptow-Köpenick,walk_su_min,nain_2000,0.119,39377,0.052,43
Treptow-Köpenick,walk_su_min,nach_800,-0.098,39377,-0.15,43
Treptow-Köpenick,walk_su_min,nach_2000,-0.092,39377,-0.153,43
Treptow-Köpenick,walk_su_min,cc_harmonic_800,-0.362,39377,-0.344,43
Treptow-Köpenick,walk_frequent_any_min,nain_800,0.023,39377,0.147,43
Treptow-Köpenick,walk_frequent_any_min,nain_2000,-0.084,39377,0.093,43
Treptow-Köpenick,walk_frequent_any_min,nach_800,-0.137,39377,-0.187,43
Treptow-Köpenick,walk_frequent_any_min,nach_2000,-0.129,39377,-0.108,43
Treptow-Köpenick,walk_frequent_any_min,cc_harmonic_800,-0.558,39377,-0.337,43
