plr_id,plr_name,residents,reach_sb_400_mean,reach_sb_800_mean,share_no_sb_within_800,reach_ub_400_mean,reach_ub_800_mean,share_no_ub_within_800,reach_tr_400_mean,reach_tr_800_mean,share_no_tr_within_800,reach_bu_400_mean,reach_bu_800_mean,share_no_bu_within_800,reach_rb_400_mean,reach_rb_800_mean,share_no_rb_within_800,reach_su_400_mean,reach_su_800_mean,share_no_su_within_800,reach_anyf_400_mean,reach_anyf_800_mean,share_no_anyf_within_800
02100101,Askanischer Platz,7741.0,0.33,1.25,0.048,0.16,1.81,0.081,0.0,0.0,1.0,1.9,7.72,0.0,0.03,0.29,0.706,0.47,2.77,0.0,1.4,6.53,0.0
02100102,Mehringplatz,8669.0,0.0,0.14,0.859,0.51,1.93,0.016,0.0,0.0,1.0,2.15,8.34,0.0,0.0,0.0,1.0,0.51,2.07,0.016,1.77,7.05,0.0
02100103,Am Berlin Museum,5400.0,0.0,0.0,1.0,0.0,0.87,0.317,0.0,0.0,1.0,1.58,6.35,0.0,0.0,0.0,1.0,0.0,0.87,0.317,1.58,5.76,0.0
02100104,Moritzplatz,5522.0,0.0,0.0,1.0,0.63,1.8,0.0,0.0,0.0,1.0,1.82,8.3,0.0,0.0,0.0,1.0,0.63,1.8,0.0,1.48,4.96,0.0
02100105,Prinzenstraße,9094.0,0.0,0.0,1.0,0.48,2.13,0.041,0.0,0.0,1.0,1.41,6.94,0.0,0.0,0.0,1.0,0.48,2.13,0.041,0.6,4.43,0.0
02100106,Wassertorplatz,4786.0,0.0,0.0,1.0,0.39,2.02,0.0,0.0,0.0,1.0,0.96,6.94,0.0,0.0,0.0,1.0,0.39,2.02,0.0,0.4,3.69,0.0
02200207,Gleisdreieck,2662.0,0.0,0.5,0.581,0.36,1.86,0.05,0.0,0.0,1.0,0.6,4.51,0.028,0.0,0.0,1.0,0.36,2.36,0.05,0.73,4.16,0.018
02200208,Rathaus Yorckstraße,5562.0,0.0,0.0,0.998,0.25,2.11,0.009,0.0,0.0,1.0,0.91,7.48,0.0,0.0,0.0,1.0,0.25,2.11,0.009,0.71,5.03,0.0
02200209,Viktoriapark,10912.0,0.0,0.11,0.926,0.14,0.89,0.297,0.0,0.0,1.0,1.95,7.72,0.0,0.0,0.0,1.0,0.14,1.0,0.295,0.97,4.54,0.0
02200210,Urbanstraße,12259.0,0.0,0.0,1.0,0.41,1.59,0.001,0.0,0.0,1.0,1.95,8.01,0.0,0.0,0.0,1.0,0.41,1.59,0.001,1.5,6.15,0.0
02200211,Chamissokiez,14498.0,0.0,0.0,1.0,0.29,1.46,0.088,0.0,0.0,1.0,1.44,6.58,0.0,0.0,0.0,1.0,0.29,1.46,0.088,1.16,4.97,0.0
02200212,Graefekiez Süd,8217.0,0.0,0.0,1.0,0.32,1.39,0.0,0.0,0.0,1.0,2.35,7.82,0.0,0.0,0.0,1.0,0.32,1.39,0.0,1.7,5.67,0.0
02200213,Graefekiez Nord,9833.0,0.0,0.0,1.0,0.37,1.59,0.026,0.0,0.0,1.0,1.64,7.85,0.0,0.0,0.0,1.0,0.37,1.59,0.026,1.35,5.49,0.0
02300314,Oranienplatz,7046.0,0.0,0.0,1.0,0.3,1.94,0.077,0.0,0.0,1.0,3.48,12.41,0.0,0.0,0.0,1.0,0.3,1.94,0.077,1.85,5.35,0.0
02300315,Lausitzer Platz,8126.0,0.0,0.0,1.0,0.33,1.31,0.037,0.0,0.0,1.0,3.15,12.34,0.0,0.0,0.0,1.0,0.33,1.31,0.037,1.49,7.13,0.0
02300316,Köpenicker Straße,4184.0,0.0,0.0,1.0,0.3,0.88,0.223,0.0,0.0,1.0,2.18,8.22,0.0,0.0,0.0,1.0,0.3,0.88,0.223,2.06,6.01,0.0
02300417,Reichenberger Straße West,8302.0,0.0,0.0,1.0,0.35,1.85,0.0,0.0,0.0,1.0,1.48,8.43,0.0,0.0,0.0,1.0,0.35,1.85,0.0,1.02,5.27,0.0
02300418,Reichenberger Straße Ost,7571.0,0.0,0.0,1.0,0.0,0.29,0.741,0.0,0.0,1.0,1.16,4.16,0.0,0.0,0.0,1.0,0.0,0.29,0.741,1.16,3.87,0.0
02300419,Wrangelkiez,10289.0,0.0,0.01,0.991,0.25,1.01,0.095,0.0,0.01,0.991,1.22,5.18,0.0,0.0,0.0,1.0,0.25,1.01,0.095,1.14,4.09,0.022
02400520,Barnimkiez,5949.0,0.0,0.0,1.0,0.0,0.09,0.924,0.96,3.86,0.0,0.99,4.27,0.002,0.0,0.0,1.0,0.0,0.09,0.924,0.96,3.94,0.0
02400521,Friedenstraße,8906.0,0.0,0.0,1.0,0.13,1.12,0.226,0.54,2.52,0.105,0.8,3.77,0.0,0.0,0.0,1.0,0.13,1.12,0.226,0.67,3.8,0.0
02400522,Richard-Sorge-Viertel,11508.0,0.0,0.0,1.0,0.12,0.7,0.526,0.78,3.95,0.043,0.22,1.17,0.221,0.0,0.0,1.0,0.12,0.7,0.526,0.77,3.83,0.0
02400623,Andreasviertel,14345.0,0.03,0.36,0.675,0.16,1.07,0.229,0.0,0.02,0.982,0.99,5.69,0.0,0.03,0.26,0.736,0.19,1.34,0.052,0.47,3.19,0.0
02400624,Weberwiese,12126.0,0.01,0.23,0.774,0.32,1.24,0.038,1.0,4.71,0.156,1.39,5.33,0.0,0.0,0.0,1.0,0.32,1.24,0.038,1.58,6.91,0.0
02400625,Wriezener Bahnhof,1299.0,0.03,0.98,0.021,0.03,0.73,0.324,0.03,0.77,0.316,0.98,4.81,0.0,0.0,0.31,0.69,0.03,1.04,0.013,0.15,1.83,0.002
02500726,Hausburgviertel,9193.0,0.0,0.28,0.724,0.0,0.13,0.874,0.59,4.6,0.0,0.19,1.14,0.276,0.0,0.0,1.0,0.0,0.4,0.598,0.47,3.24,0.056
02500727,Forckenbeckplatz,6470.0,0.0,0.0,1.0,0.23,1.38,0.022,1.27,5.81,0.0,0.23,1.73,0.022,0.0,0.0,1.0,0.23,1.38,0.022,0.46,2.88,0.0
02500728,Samariterviertel,10103.0,0.0,0.07,0.933,0.29,1.26,0.034,0.6,3.89,0.0,0.29,1.9,0.022,0.0,0.0,1.0,0.29,1.26,0.034,0.29,2.12,0.022
02500729,Pettenkofer Straße,5430.0,0.09,0.83,0.171,0.15,1.67,0.09,0.42,4.16,0.0,0.15,1.88,0.012,0.0,0.0,1.0,0.15,1.67,0.09,0.33,3.59,0.012
02500830,Niederbarnimstraße,3966.0,0.0,0.0,1.0,0.48,1.81,0.0,1.01,6.75,0.0,1.07,5.15,0.0,0.0,0.0,1.0,0.48,1.81,0.0,1.07,7.85,0.0
02500831,Wismarplatz,7826.0,0.0,0.27,0.732,0.42,1.3,0.01,1.22,5.54,0.0,1.22,4.79,0.0,0.0,0.0,1.0,0.42,1.3,0.01,1.73,7.39,0.0
02500832,Traveplatz,9594.0,0.06,0.74,0.267,0.06,0.77,0.454,1.24,4.37,0.001,0.62,3.53,0.0,0.0,0.21,0.79,0.06,0.98,0.248,1.48,5.8,0.0
02500833,Boxhagener Platz,9998.0,0.0,0.09,0.909,0.06,0.86,0.263,2.69,8.41,0.0,1.98,5.96,0.0,0.0,0.08,0.925,0.06,0.94,0.196,3.37,10.36,0.0
02500834,Revaler Straße,11310.0,0.1,0.7,0.304,0.0,0.26,0.784,1.75,6.1,0.0,0.7,4.89,0.0,0.1,0.51,0.488,0.1,0.77,0.272,2.13,7.89,0.0
02500835,Stralauer Kiez,8939.0,0.05,0.39,0.609,0.05,0.26,0.744,0.05,0.46,0.726,1.39,5.59,0.0,0.0,0.05,0.947,0.05,0.39,0.609,0.3,1.99,0.163
02500836,Stralauer Halbinsel,5154.0,0.0,0.14,0.858,0.0,0.0,1.0,0.0,0.0,1.0,2.16,4.98,0.0,0.0,0.0,1.0,0.0,0.14,0.858,1.08,3.22,0.0
